file,dataset,column_position,column_name,semantic_type,important_for_mvp,non_blank_rows,blank_rows,blank_pct,distinct_in_first_50000_rows,sample_value
beneficiary_2015.csv,Master Beneficiary Summary,1,BENE_ID,key,True,5975,0,0.0,5975,-10000010254618
beneficiary_2015.csv,Master Beneficiary Summary,2,STATE_CODE,dimension,True,5975,0,0.0,51,01
beneficiary_2015.csv,Master Beneficiary Summary,3,COUNTY_CD,dimension,True,5975,0,0.0,1369,1500
beneficiary_2015.csv,Master Beneficiary Summary,4,ZIP_CD,dimension,True,5975,0,0.0,3962,36109
beneficiary_2015.csv,Master Beneficiary Summary,5,BENE_BIRTH_DT,date,True,5975,0,0.0,5248,16-Aug-1999
beneficiary_2015.csv,Master Beneficiary Summary,6,SEX_IDENT_CD,dimension,True,5975,0,0.0,2,1
beneficiary_2015.csv,Master Beneficiary Summary,7,BENE_RACE_CD,dimension,True,5975,0,0.0,6,1
beneficiary_2015.csv,Master Beneficiary Summary,8,ENTLMT_RSN_ORIG,dimension,True,5975,0,0.0,4,1
beneficiary_2015.csv,Master Beneficiary Summary,9,ENTLMT_RSN_CURR,dimension,True,5975,0,0.0,4,1
beneficiary_2015.csv,Master Beneficiary Summary,10,ESRD_IND,dimension,True,5975,0,0.0,2,0
beneficiary_2015.csv,Master Beneficiary Summary,11,BENE_PTA_TRMNTN_CD,coded dimension,False,5975,0,0.0,1,0
beneficiary_2015.csv,Master Beneficiary Summary,12,BENE_PTB_TRMNTN_CD,coded dimension,False,5975,0,0.0,1,0
beneficiary_2015.csv,Master Beneficiary Summary,13,BENE_DEATH_DT,date,True,0,5975,100.0,0,
beneficiary_2015.csv,Master Beneficiary Summary,14,BENE_ENROLLMT_REF_YR,date,True,5975,0,0.0,1,2015
beneficiary_2015.csv,Master Beneficiary Summary,15,BENE_HI_CVRAGE_TOT_MONS,metric,True,5975,0,0.0,1,12
beneficiary_2015.csv,Master Beneficiary Summary,16,BENE_SMI_CVRAGE_TOT_MONS,metric,True,5975,0,0.0,1,12
beneficiary_2015.csv,Master Beneficiary Summary,17,BENE_STATE_BUYIN_TOT_MONS,text or coded value,False,5975,0,0.0,1,12
beneficiary_2015.csv,Master Beneficiary Summary,18,BENE_HMO_CVRAGE_TOT_MONS,metric,True,5975,0,0.0,1,0
beneficiary_2015.csv,Master Beneficiary Summary,19,RDS_CVRG_MONS,text or coded value,False,5975,0,0.0,2,0
beneficiary_2015.csv,Master Beneficiary Summary,20,ENRL_SRC,text or coded value,False,5975,0,0.0,1,CME
beneficiary_2015.csv,Master Beneficiary Summary,21,SAMPLE_GROUP,text or coded value,False,0,5975,100.0,0,
beneficiary_2015.csv,Master Beneficiary Summary,22,ENHANCED_FIVE_PERCENT_FLAG,text or coded value,False,5975,0,0.0,1, 
beneficiary_2015.csv,Master Beneficiary Summary,23,CRNT_BIC_CD,coded dimension,False,5975,0,0.0,22,A
beneficiary_2015.csv,Master Beneficiary Summary,24,AGE_AT_END_REF_YR,dimension,True,5975,0,0.0,104,16
beneficiary_2015.csv,Master Beneficiary Summary,25,COVSTART,text or coded value,False,5975,0,0.0,4403,08-Sep-1999
beneficiary_2015.csv,Master Beneficiary Summary,26,DUAL_ELGBL_MONS,metric,True,5975,0,0.0,1,0
beneficiary_2015.csv,Master Beneficiary Summary,27,STATE_CNTY_FIPS_CD_01,text or coded value,False,5083,892,14.93,1253,1101
beneficiary_2015.csv,Master Beneficiary Summary,28,STATE_CNTY_FIPS_CD_02,text or coded value,False,5083,892,14.93,1253,1101
beneficiary_2015.csv,Master Beneficiary Summary,29,STATE_CNTY_FIPS_CD_03,text or coded value,False,5083,892,14.93,1253,1101
beneficiary_2015.csv,Master Beneficiary Summary,30,STATE_CNTY_FIPS_CD_04,text or coded value,False,5083,892,14.93,1253,1101
beneficiary_2015.csv,Master Beneficiary Summary,31,STATE_CNTY_FIPS_CD_05,text or coded value,False,5083,892,14.93,1253,1101
beneficiary_2015.csv,Master Beneficiary Summary,32,STATE_CNTY_FIPS_CD_06,text or coded value,False,5083,892,14.93,1253,1101
beneficiary_2015.csv,Master Beneficiary Summary,33,STATE_CNTY_FIPS_CD_07,text or coded value,False,5083,892,14.93,1253,1101
beneficiary_2015.csv,Master Beneficiary Summary,34,STATE_CNTY_FIPS_CD_08,text or coded value,False,5083,892,14.93,1253,1101
beneficiary_2015.csv,Master Beneficiary Summary,35,STATE_CNTY_FIPS_CD_09,text or coded value,False,5083,892,14.93,1253,1101
beneficiary_2015.csv,Master Beneficiary Summary,36,STATE_CNTY_FIPS_CD_10,text or coded value,False,5083,892,14.93,1253,1101
beneficiary_2015.csv,Master Beneficiary Summary,37,STATE_CNTY_FIPS_CD_11,text or coded value,False,5083,892,14.93,1253,1101
beneficiary_2015.csv,Master Beneficiary Summary,38,STATE_CNTY_FIPS_CD_12,text or coded value,False,5083,892,14.93,1253,1101
beneficiary_2015.csv,Master Beneficiary Summary,39,VALID_DEATH_DT_SW,coded dimension,False,0,5975,100.0,0,
beneficiary_2015.csv,Master Beneficiary Summary,40,RTI_RACE_CD,dimension,True,5975,0,0.0,6,1
beneficiary_2015.csv,Master Beneficiary Summary,41,MDCR_STATUS_CODE_01,text or coded value,False,5975,0,0.0,5,20
beneficiary_2015.csv,Master Beneficiary Summary,42,MDCR_STATUS_CODE_02,text or coded value,False,5975,0,0.0,5,20
beneficiary_2015.csv,Master Beneficiary Summary,43,MDCR_STATUS_CODE_03,text or coded value,False,5975,0,0.0,5,20
beneficiary_2015.csv,Master Beneficiary Summary,44,MDCR_STATUS_CODE_04,text or coded value,False,5975,0,0.0,5,20
beneficiary_2015.csv,Master Beneficiary Summary,45,MDCR_STATUS_CODE_05,text or coded value,False,5975,0,0.0,5,20
beneficiary_2015.csv,Master Beneficiary Summary,46,MDCR_STATUS_CODE_06,text or coded value,False,5975,0,0.0,5,20
beneficiary_2015.csv,Master Beneficiary Summary,47,MDCR_STATUS_CODE_07,text or coded value,False,5975,0,0.0,5,20
beneficiary_2015.csv,Master Beneficiary Summary,48,MDCR_STATUS_CODE_08,text or coded value,False,5975,0,0.0,5,20
beneficiary_2015.csv,Master Beneficiary Summary,49,MDCR_STATUS_CODE_09,text or coded value,False,5975,0,0.0,5,20
beneficiary_2015.csv,Master Beneficiary Summary,50,MDCR_STATUS_CODE_10,text or coded value,False,5975,0,0.0,5,20
beneficiary_2015.csv,Master Beneficiary Summary,51,MDCR_STATUS_CODE_11,text or coded value,False,5975,0,0.0,5,20
beneficiary_2015.csv,Master Beneficiary Summary,52,MDCR_STATUS_CODE_12,text or coded value,False,5975,0,0.0,5,20
beneficiary_2015.csv,Master Beneficiary Summary,53,PTD_PLAN_CVRG_MONS,metric,True,5975,0,0.0,13,8
beneficiary_2015.csv,Master Beneficiary Summary,54,MDCR_ENTLMT_BUYIN_IND_01,text or coded value,False,5975,0,0.0,3,3
beneficiary_2015.csv,Master Beneficiary Summary,55,MDCR_ENTLMT_BUYIN_IND_02,text or coded value,False,5975,0,0.0,3,3
beneficiary_2015.csv,Master Beneficiary Summary,56,MDCR_ENTLMT_BUYIN_IND_03,text or coded value,False,5975,0,0.0,3,3
beneficiary_2015.csv,Master Beneficiary Summary,57,MDCR_ENTLMT_BUYIN_IND_04,text or coded value,False,5975,0,0.0,3,3
beneficiary_2015.csv,Master Beneficiary Summary,58,MDCR_ENTLMT_BUYIN_IND_05,text or coded value,False,5975,0,0.0,3,3
beneficiary_2015.csv,Master Beneficiary Summary,59,MDCR_ENTLMT_BUYIN_IND_06,text or coded value,False,5975,0,0.0,3,3
beneficiary_2015.csv,Master Beneficiary Summary,60,MDCR_ENTLMT_BUYIN_IND_07,text or coded value,False,5975,0,0.0,3,3
beneficiary_2015.csv,Master Beneficiary Summary,61,MDCR_ENTLMT_BUYIN_IND_08,text or coded value,False,5975,0,0.0,3,3
beneficiary_2015.csv,Master Beneficiary Summary,62,MDCR_ENTLMT_BUYIN_IND_09,text or coded value,False,5975,0,0.0,3,3
beneficiary_2015.csv,Master Beneficiary Summary,63,MDCR_ENTLMT_BUYIN_IND_10,text or coded value,False,5975,0,0.0,3,3
beneficiary_2015.csv,Master Beneficiary Summary,64,MDCR_ENTLMT_BUYIN_IND_11,text or coded value,False,5975,0,0.0,3,3
beneficiary_2015.csv,Master Beneficiary Summary,65,MDCR_ENTLMT_BUYIN_IND_12,text or coded value,False,5975,0,0.0,3,3
beneficiary_2015.csv,Master Beneficiary Summary,66,HMO_IND_01,text or coded value,False,0,5975,100.0,0,
beneficiary_2015.csv,Master Beneficiary Summary,67,HMO_IND_02,text or coded value,False,0,5975,100.0,0,
beneficiary_2015.csv,Master Beneficiary Summary,68,HMO_IND_03,text or coded value,False,0,5975,100.0,0,
beneficiary_2015.csv,Master Beneficiary Summary,69,HMO_IND_04,text or coded value,False,0,5975,100.0,0,
beneficiary_2015.csv,Master Beneficiary Summary,70,HMO_IND_05,text or coded value,False,0,5975,100.0,0,
beneficiary_2015.csv,Master Beneficiary Summary,71,HMO_IND_06,text or coded value,False,0,5975,100.0,0,
beneficiary_2015.csv,Master Beneficiary Summary,72,HMO_IND_07,text or coded value,False,0,5975,100.0,0,
beneficiary_2015.csv,Master Beneficiary Summary,73,HMO_IND_08,text or coded value,False,0,5975,100.0,0,
beneficiary_2015.csv,Master Beneficiary Summary,74,HMO_IND_09,text or coded value,False,0,5975,100.0,0,
beneficiary_2015.csv,Master Beneficiary Summary,75,HMO_IND_10,text or coded value,False,0,5975,100.0,0,
beneficiary_2015.csv,Master Beneficiary Summary,76,HMO_IND_11,text or coded value,False,0,5975,100.0,0,
beneficiary_2015.csv,Master Beneficiary Summary,77,HMO_IND_12,text or coded value,False,0,5975,100.0,0,
beneficiary_2015.csv,Master Beneficiary Summary,78,PTC_CNTRCT_ID_01,text or coded value,False,3481,2494,41.74,10,Y0002
beneficiary_2015.csv,Master Beneficiary Summary,79,PTC_CNTRCT_ID_02,text or coded value,False,3485,2490,41.67,10,Y0002
beneficiary_2015.csv,Master Beneficiary Summary,80,PTC_CNTRCT_ID_03,text or coded value,False,3483,2492,41.71,10,Y0004
beneficiary_2015.csv,Master Beneficiary Summary,81,PTC_CNTRCT_ID_04,text or coded value,False,3484,2491,41.69,10,Y0004
beneficiary_2015.csv,Master Beneficiary Summary,82,PTC_CNTRCT_ID_05,text or coded value,False,3486,2489,41.66,10,Y0004
beneficiary_2015.csv,Master Beneficiary Summary,83,PTC_CNTRCT_ID_06,text or coded value,False,3478,2497,41.79,10,Y0004
beneficiary_2015.csv,Master Beneficiary Summary,84,PTC_CNTRCT_ID_07,text or coded value,False,3475,2500,41.84,10,Y0004
beneficiary_2015.csv,Master Beneficiary Summary,85,PTC_CNTRCT_ID_08,text or coded value,False,3471,2504,41.91,10,Y0004
beneficiary_2015.csv,Master Beneficiary Summary,86,PTC_CNTRCT_ID_09,text or coded value,False,3468,2507,41.96,10,Y0004
beneficiary_2015.csv,Master Beneficiary Summary,87,PTC_CNTRCT_ID_10,text or coded value,False,3472,2503,41.89,10,Y0004
beneficiary_2015.csv,Master Beneficiary Summary,88,PTC_CNTRCT_ID_11,text or coded value,False,3463,2512,42.04,10,Y0004
beneficiary_2015.csv,Master Beneficiary Summary,89,PTC_CNTRCT_ID_12,text or coded value,False,3459,2516,42.11,10,Y0004
beneficiary_2015.csv,Master Beneficiary Summary,90,PTC_PBP_ID_01,text or coded value,False,3481,2494,41.74,5,804
beneficiary_2015.csv,Master Beneficiary Summary,91,PTC_PBP_ID_02,text or coded value,False,3485,2490,41.67,5,804
beneficiary_2015.csv,Master Beneficiary Summary,92,PTC_PBP_ID_03,text or coded value,False,3483,2492,41.71,5,800
beneficiary_2015.csv,Master Beneficiary Summary,93,PTC_PBP_ID_04,text or coded value,False,3484,2491,41.69,5,800
beneficiary_2015.csv,Master Beneficiary Summary,94,PTC_PBP_ID_05,text or coded value,False,3486,2489,41.66,5,800
beneficiary_2015.csv,Master Beneficiary Summary,95,PTC_PBP_ID_06,text or coded value,False,3478,2497,41.79,5,800
beneficiary_2015.csv,Master Beneficiary Summary,96,PTC_PBP_ID_07,text or coded value,False,3475,2500,41.84,5,800
beneficiary_2015.csv,Master Beneficiary Summary,97,PTC_PBP_ID_08,text or coded value,False,3471,2504,41.91,5,800
beneficiary_2015.csv,Master Beneficiary Summary,98,PTC_PBP_ID_09,text or coded value,False,3468,2507,41.96,5,800
beneficiary_2015.csv,Master Beneficiary Summary,99,PTC_PBP_ID_10,text or coded value,False,3472,2503,41.89,5,800
beneficiary_2015.csv,Master Beneficiary Summary,100,PTC_PBP_ID_11,text or coded value,False,3463,2512,42.04,5,800
beneficiary_2015.csv,Master Beneficiary Summary,101,PTC_PBP_ID_12,text or coded value,False,3459,2516,42.11,5,800
beneficiary_2015.csv,Master Beneficiary Summary,102,PTC_PLAN_TYPE_CD_01,text or coded value,False,0,5975,100.0,0,
beneficiary_2015.csv,Master Beneficiary Summary,103,PTC_PLAN_TYPE_CD_02,text or coded value,False,0,5975,100.0,0,
beneficiary_2015.csv,Master Beneficiary Summary,104,PTC_PLAN_TYPE_CD_03,text or coded value,False,0,5975,100.0,0,
beneficiary_2015.csv,Master Beneficiary Summary,105,PTC_PLAN_TYPE_CD_04,text or coded value,False,0,5975,100.0,0,
beneficiary_2015.csv,Master Beneficiary Summary,106,PTC_PLAN_TYPE_CD_05,text or coded value,False,0,5975,100.0,0,
beneficiary_2015.csv,Master Beneficiary Summary,107,PTC_PLAN_TYPE_CD_06,text or coded value,False,0,5975,100.0,0,
beneficiary_2015.csv,Master Beneficiary Summary,108,PTC_PLAN_TYPE_CD_07,text or coded value,False,0,5975,100.0,0,
beneficiary_2015.csv,Master Beneficiary Summary,109,PTC_PLAN_TYPE_CD_08,text or coded value,False,0,5975,100.0,0,
beneficiary_2015.csv,Master Beneficiary Summary,110,PTC_PLAN_TYPE_CD_09,text or coded value,False,0,5975,100.0,0,
beneficiary_2015.csv,Master Beneficiary Summary,111,PTC_PLAN_TYPE_CD_10,text or coded value,False,0,5975,100.0,0,
beneficiary_2015.csv,Master Beneficiary Summary,112,PTC_PLAN_TYPE_CD_11,text or coded value,False,0,5975,100.0,0,
beneficiary_2015.csv,Master Beneficiary Summary,113,PTC_PLAN_TYPE_CD_12,text or coded value,False,0,5975,100.0,0,
beneficiary_2015.csv,Master Beneficiary Summary,114,PTD_CNTRCT_ID_01,text or coded value,False,4275,1700,28.45,11,Z0009
beneficiary_2015.csv,Master Beneficiary Summary,115,PTD_CNTRCT_ID_02,text or coded value,False,4272,1703,28.5,11,Z0009
beneficiary_2015.csv,Master Beneficiary Summary,116,PTD_CNTRCT_ID_03,text or coded value,False,4247,1728,28.92,11,Z0009
beneficiary_2015.csv,Master Beneficiary Summary,117,PTD_CNTRCT_ID_04,text or coded value,False,4241,1734,29.02,11,Z0009
beneficiary_2015.csv,Master Beneficiary Summary,118,PTD_CNTRCT_ID_05,text or coded value,False,4233,1742,29.15,11,Z0009
beneficiary_2015.csv,Master Beneficiary Summary,119,PTD_CNTRCT_ID_06,text or coded value,False,4222,1753,29.34,11,Z0009
beneficiary_2015.csv,Master Beneficiary Summary,120,PTD_CNTRCT_ID_07,text or coded value,False,4203,1772,29.66,11,Z0009
beneficiary_2015.csv,Master Beneficiary Summary,121,PTD_CNTRCT_ID_08,text or coded value,False,4196,1779,29.77,11,Z0009
beneficiary_2015.csv,Master Beneficiary Summary,122,PTD_CNTRCT_ID_09,text or coded value,False,4197,1778,29.76,11,Z0002
beneficiary_2015.csv,Master Beneficiary Summary,123,PTD_CNTRCT_ID_10,text or coded value,False,4196,1779,29.77,11,Z0002
beneficiary_2015.csv,Master Beneficiary Summary,124,PTD_CNTRCT_ID_11,text or coded value,False,4189,1786,29.89,11,Z0002
beneficiary_2015.csv,Master Beneficiary Summary,125,PTD_CNTRCT_ID_12,text or coded value,False,4190,1785,29.87,10,Z0002
beneficiary_2015.csv,Master Beneficiary Summary,126,PTD_PBP_ID_01,text or coded value,False,4060,1915,32.05,5,802
beneficiary_2015.csv,Master Beneficiary Summary,127,PTD_PBP_ID_02,text or coded value,False,4081,1894,31.7,5,802
beneficiary_2015.csv,Master Beneficiary Summary,128,PTD_PBP_ID_03,text or coded value,False,4074,1901,31.82,5,802
beneficiary_2015.csv,Master Beneficiary Summary,129,PTD_PBP_ID_04,text or coded value,False,4093,1882,31.5,5,802
beneficiary_2015.csv,Master Beneficiary Summary,130,PTD_PBP_ID_05,text or coded value,False,4108,1867,31.25,5,802
beneficiary_2015.csv,Master Beneficiary Summary,131,PTD_PBP_ID_06,text or coded value,False,4115,1860,31.13,5,802
beneficiary_2015.csv,Master Beneficiary Summary,132,PTD_PBP_ID_07,text or coded value,False,4115,1860,31.13,5,802
beneficiary_2015.csv,Master Beneficiary Summary,133,PTD_PBP_ID_08,text or coded value,False,4128,1847,30.91,5,802
beneficiary_2015.csv,Master Beneficiary Summary,134,PTD_PBP_ID_09,text or coded value,False,4146,1829,30.61,5,800
beneficiary_2015.csv,Master Beneficiary Summary,135,PTD_PBP_ID_10,text or coded value,False,4163,1812,30.33,5,800
beneficiary_2015.csv,Master Beneficiary Summary,136,PTD_PBP_ID_11,text or coded value,False,4177,1798,30.09,5,800
beneficiary_2015.csv,Master Beneficiary Summary,137,PTD_PBP_ID_12,text or coded value,False,4190,1785,29.87,5,800
beneficiary_2015.csv,Master Beneficiary Summary,138,PTD_SGMT_ID_01,text or coded value,False,4060,1915,32.05,1,000
beneficiary_2015.csv,Master Beneficiary Summary,139,PTD_SGMT_ID_02,text or coded value,False,4081,1894,31.7,1,000
beneficiary_2015.csv,Master Beneficiary Summary,140,PTD_SGMT_ID_03,text or coded value,False,4074,1901,31.82,1,000
beneficiary_2015.csv,Master Beneficiary Summary,141,PTD_SGMT_ID_04,text or coded value,False,4093,1882,31.5,1,000
beneficiary_2015.csv,Master Beneficiary Summary,142,PTD_SGMT_ID_05,text or coded value,False,4108,1867,31.25,1,000
beneficiary_2015.csv,Master Beneficiary Summary,143,PTD_SGMT_ID_06,text or coded value,False,4115,1860,31.13,1,000
beneficiary_2015.csv,Master Beneficiary Summary,144,PTD_SGMT_ID_07,text or coded value,False,4115,1860,31.13,1,000
beneficiary_2015.csv,Master Beneficiary Summary,145,PTD_SGMT_ID_08,text or coded value,False,4128,1847,30.91,1,000
beneficiary_2015.csv,Master Beneficiary Summary,146,PTD_SGMT_ID_09,text or coded value,False,4146,1829,30.61,1,000
beneficiary_2015.csv,Master Beneficiary Summary,147,PTD_SGMT_ID_10,text or coded value,False,4163,1812,30.33,1,000
beneficiary_2015.csv,Master Beneficiary Summary,148,PTD_SGMT_ID_11,text or coded value,False,4177,1798,30.09,1,000
beneficiary_2015.csv,Master Beneficiary Summary,149,PTD_SGMT_ID_12,text or coded value,False,4190,1785,29.87,1,000
beneficiary_2015.csv,Master Beneficiary Summary,150,RDS_IND_01,text or coded value,False,4275,1700,28.45,3,N
beneficiary_2015.csv,Master Beneficiary Summary,151,RDS_IND_02,text or coded value,False,4272,1703,28.5,3,N
beneficiary_2015.csv,Master Beneficiary Summary,152,RDS_IND_03,text or coded value,False,4247,1728,28.92,3,N
beneficiary_2015.csv,Master Beneficiary Summary,153,RDS_IND_04,text or coded value,False,4241,1734,29.02,3,N
beneficiary_2015.csv,Master Beneficiary Summary,154,RDS_IND_05,text or coded value,False,4233,1742,29.15,3,N
beneficiary_2015.csv,Master Beneficiary Summary,155,RDS_IND_06,text or coded value,False,4222,1753,29.34,3,N
beneficiary_2015.csv,Master Beneficiary Summary,156,RDS_IND_07,text or coded value,False,4203,1772,29.66,3,N
beneficiary_2015.csv,Master Beneficiary Summary,157,RDS_IND_08,text or coded value,False,4196,1779,29.77,3,N
beneficiary_2015.csv,Master Beneficiary Summary,158,RDS_IND_09,text or coded value,False,4197,1778,29.76,3,N
beneficiary_2015.csv,Master Beneficiary Summary,159,RDS_IND_10,text or coded value,False,4196,1779,29.77,3,N
beneficiary_2015.csv,Master Beneficiary Summary,160,RDS_IND_11,text or coded value,False,4189,1786,29.89,3,N
beneficiary_2015.csv,Master Beneficiary Summary,161,RDS_IND_12,text or coded value,False,4190,1785,29.87,2,N
beneficiary_2015.csv,Master Beneficiary Summary,162,DUAL_STUS_CD_01,text or coded value,False,5961,14,0.23,11,NA
beneficiary_2015.csv,Master Beneficiary Summary,163,DUAL_STUS_CD_02,text or coded value,False,5961,14,0.23,11,NA
beneficiary_2015.csv,Master Beneficiary Summary,164,DUAL_STUS_CD_03,text or coded value,False,5961,14,0.23,11,NA
beneficiary_2015.csv,Master Beneficiary Summary,165,DUAL_STUS_CD_04,text or coded value,False,5961,14,0.23,11,NA
beneficiary_2015.csv,Master Beneficiary Summary,166,DUAL_STUS_CD_05,text or coded value,False,5961,14,0.23,11,NA
beneficiary_2015.csv,Master Beneficiary Summary,167,DUAL_STUS_CD_06,text or coded value,False,5961,14,0.23,11,NA
beneficiary_2015.csv,Master Beneficiary Summary,168,DUAL_STUS_CD_07,text or coded value,False,5961,14,0.23,11,NA
beneficiary_2015.csv,Master Beneficiary Summary,169,DUAL_STUS_CD_08,text or coded value,False,5960,15,0.25,11,NA
beneficiary_2015.csv,Master Beneficiary Summary,170,DUAL_STUS_CD_09,text or coded value,False,5960,15,0.25,11,NA
beneficiary_2015.csv,Master Beneficiary Summary,171,DUAL_STUS_CD_10,text or coded value,False,5960,15,0.25,11,NA
beneficiary_2015.csv,Master Beneficiary Summary,172,DUAL_STUS_CD_11,text or coded value,False,5960,15,0.25,11,NA
beneficiary_2015.csv,Master Beneficiary Summary,173,DUAL_STUS_CD_12,text or coded value,False,5960,15,0.25,10,NA
beneficiary_2015.csv,Master Beneficiary Summary,174,CST_SHR_GRP_CD_01,text or coded value,False,5975,0,0.0,5,02
beneficiary_2015.csv,Master Beneficiary Summary,175,CST_SHR_GRP_CD_02,text or coded value,False,5975,0,0.0,5,02
beneficiary_2015.csv,Master Beneficiary Summary,176,CST_SHR_GRP_CD_03,text or coded value,False,5975,0,0.0,5,02
beneficiary_2015.csv,Master Beneficiary Summary,177,CST_SHR_GRP_CD_04,text or coded value,False,5975,0,0.0,5,02
beneficiary_2015.csv,Master Beneficiary Summary,178,CST_SHR_GRP_CD_05,text or coded value,False,5975,0,0.0,5,02
beneficiary_2015.csv,Master Beneficiary Summary,179,CST_SHR_GRP_CD_06,text or coded value,False,5975,0,0.0,5,02
beneficiary_2015.csv,Master Beneficiary Summary,180,CST_SHR_GRP_CD_07,text or coded value,False,5975,0,0.0,5,02
beneficiary_2015.csv,Master Beneficiary Summary,181,CST_SHR_GRP_CD_08,text or coded value,False,5975,0,0.0,5,02
beneficiary_2015.csv,Master Beneficiary Summary,182,CST_SHR_GRP_CD_09,text or coded value,False,5975,0,0.0,5,00
beneficiary_2015.csv,Master Beneficiary Summary,183,CST_SHR_GRP_CD_10,text or coded value,False,5975,0,0.0,5,00
beneficiary_2015.csv,Master Beneficiary Summary,184,CST_SHR_GRP_CD_11,text or coded value,False,5975,0,0.0,5,00
beneficiary_2015.csv,Master Beneficiary Summary,185,CST_SHR_GRP_CD_12,text or coded value,False,5975,0,0.0,5,00
beneficiary_2016.csv,Master Beneficiary Summary,1,BENE_ID,key,True,6288,0,0.0,6288,-10000010254618
beneficiary_2016.csv,Master Beneficiary Summary,2,STATE_CODE,dimension,True,6288,0,0.0,51,01
beneficiary_2016.csv,Master Beneficiary Summary,3,COUNTY_CD,dimension,True,6288,0,0.0,1398,1500
beneficiary_2016.csv,Master Beneficiary Summary,4,ZIP_CD,dimension,True,6288,0,0.0,4112,36109
beneficiary_2016.csv,Master Beneficiary Summary,5,BENE_BIRTH_DT,date,True,6288,0,0.0,5486,16-Aug-1999
beneficiary_2016.csv,Master Beneficiary Summary,6,SEX_IDENT_CD,dimension,True,6288,0,0.0,2,1
beneficiary_2016.csv,Master Beneficiary Summary,7,BENE_RACE_CD,dimension,True,6288,0,0.0,6,1
beneficiary_2016.csv,Master Beneficiary Summary,8,ENTLMT_RSN_ORIG,dimension,True,6288,0,0.0,4,1
beneficiary_2016.csv,Master Beneficiary Summary,9,ENTLMT_RSN_CURR,dimension,True,6288,0,0.0,4,1
beneficiary_2016.csv,Master Beneficiary Summary,10,ESRD_IND,dimension,True,6288,0,0.0,2,0
beneficiary_2016.csv,Master Beneficiary Summary,11,BENE_PTA_TRMNTN_CD,coded dimension,False,6288,0,0.0,1,0
beneficiary_2016.csv,Master Beneficiary Summary,12,BENE_PTB_TRMNTN_CD,coded dimension,False,6288,0,0.0,1,0
beneficiary_2016.csv,Master Beneficiary Summary,13,BENE_DEATH_DT,date,True,0,6288,100.0,0,
beneficiary_2016.csv,Master Beneficiary Summary,14,BENE_ENROLLMT_REF_YR,date,True,6288,0,0.0,1,2016
beneficiary_2016.csv,Master Beneficiary Summary,15,BENE_HI_CVRAGE_TOT_MONS,metric,True,6288,0,0.0,1,12
beneficiary_2016.csv,Master Beneficiary Summary,16,BENE_SMI_CVRAGE_TOT_MONS,metric,True,6288,0,0.0,1,12
beneficiary_2016.csv,Master Beneficiary Summary,17,BENE_STATE_BUYIN_TOT_MONS,text or coded value,False,6288,0,0.0,1,12
beneficiary_2016.csv,Master Beneficiary Summary,18,BENE_HMO_CVRAGE_TOT_MONS,metric,True,6288,0,0.0,1,0
beneficiary_2016.csv,Master Beneficiary Summary,19,RDS_CVRG_MONS,text or coded value,False,6288,0,0.0,2,0
beneficiary_2016.csv,Master Beneficiary Summary,20,ENRL_SRC,text or coded value,False,6288,0,0.0,1,CME
beneficiary_2016.csv,Master Beneficiary Summary,21,SAMPLE_GROUP,text or coded value,False,0,6288,100.0,0,
beneficiary_2016.csv,Master Beneficiary Summary,22,ENHANCED_FIVE_PERCENT_FLAG,text or coded value,False,6288,0,0.0,1, 
beneficiary_2016.csv,Master Beneficiary Summary,23,CRNT_BIC_CD,coded dimension,False,6288,0,0.0,22,A
beneficiary_2016.csv,Master Beneficiary Summary,24,AGE_AT_END_REF_YR,dimension,True,6288,0,0.0,105,17
beneficiary_2016.csv,Master Beneficiary Summary,25,COVSTART,text or coded value,False,6288,0,0.0,4619,08-Sep-1999
beneficiary_2016.csv,Master Beneficiary Summary,26,DUAL_ELGBL_MONS,metric,True,6288,0,0.0,1,0
beneficiary_2016.csv,Master Beneficiary Summary,27,STATE_CNTY_FIPS_CD_01,text or coded value,False,5355,933,14.84,1285,1101
beneficiary_2016.csv,Master Beneficiary Summary,28,STATE_CNTY_FIPS_CD_02,text or coded value,False,5355,933,14.84,1285,1101
beneficiary_2016.csv,Master Beneficiary Summary,29,STATE_CNTY_FIPS_CD_03,text or coded value,False,5355,933,14.84,1285,1101
beneficiary_2016.csv,Master Beneficiary Summary,30,STATE_CNTY_FIPS_CD_04,text or coded value,False,5355,933,14.84,1285,1101
beneficiary_2016.csv,Master Beneficiary Summary,31,STATE_CNTY_FIPS_CD_05,text or coded value,False,5355,933,14.84,1285,1101
beneficiary_2016.csv,Master Beneficiary Summary,32,STATE_CNTY_FIPS_CD_06,text or coded value,False,5355,933,14.84,1285,1101
beneficiary_2016.csv,Master Beneficiary Summary,33,STATE_CNTY_FIPS_CD_07,text or coded value,False,5355,933,14.84,1285,1101
beneficiary_2016.csv,Master Beneficiary Summary,34,STATE_CNTY_FIPS_CD_08,text or coded value,False,5355,933,14.84,1285,1101
beneficiary_2016.csv,Master Beneficiary Summary,35,STATE_CNTY_FIPS_CD_09,text or coded value,False,5355,933,14.84,1285,1101
beneficiary_2016.csv,Master Beneficiary Summary,36,STATE_CNTY_FIPS_CD_10,text or coded value,False,5355,933,14.84,1285,1101
beneficiary_2016.csv,Master Beneficiary Summary,37,STATE_CNTY_FIPS_CD_11,text or coded value,False,5355,933,14.84,1285,1101
beneficiary_2016.csv,Master Beneficiary Summary,38,STATE_CNTY_FIPS_CD_12,text or coded value,False,5355,933,14.84,1285,1101
beneficiary_2016.csv,Master Beneficiary Summary,39,VALID_DEATH_DT_SW,coded dimension,False,0,6288,100.0,0,
beneficiary_2016.csv,Master Beneficiary Summary,40,RTI_RACE_CD,dimension,True,6288,0,0.0,6,1
beneficiary_2016.csv,Master Beneficiary Summary,41,MDCR_STATUS_CODE_01,text or coded value,False,6288,0,0.0,5,20
beneficiary_2016.csv,Master Beneficiary Summary,42,MDCR_STATUS_CODE_02,text or coded value,False,6288,0,0.0,5,20
beneficiary_2016.csv,Master Beneficiary Summary,43,MDCR_STATUS_CODE_03,text or coded value,False,6288,0,0.0,5,20
beneficiary_2016.csv,Master Beneficiary Summary,44,MDCR_STATUS_CODE_04,text or coded value,False,6288,0,0.0,5,20
beneficiary_2016.csv,Master Beneficiary Summary,45,MDCR_STATUS_CODE_05,text or coded value,False,6288,0,0.0,5,20
beneficiary_2016.csv,Master Beneficiary Summary,46,MDCR_STATUS_CODE_06,text or coded value,False,6288,0,0.0,5,20
beneficiary_2016.csv,Master Beneficiary Summary,47,MDCR_STATUS_CODE_07,text or coded value,False,6288,0,0.0,5,20
beneficiary_2016.csv,Master Beneficiary Summary,48,MDCR_STATUS_CODE_08,text or coded value,False,6288,0,0.0,5,20
beneficiary_2016.csv,Master Beneficiary Summary,49,MDCR_STATUS_CODE_09,text or coded value,False,6288,0,0.0,5,20
beneficiary_2016.csv,Master Beneficiary Summary,50,MDCR_STATUS_CODE_10,text or coded value,False,6288,0,0.0,5,20
beneficiary_2016.csv,Master Beneficiary Summary,51,MDCR_STATUS_CODE_11,text or coded value,False,6288,0,0.0,5,20
beneficiary_2016.csv,Master Beneficiary Summary,52,MDCR_STATUS_CODE_12,text or coded value,False,6288,0,0.0,5,20
beneficiary_2016.csv,Master Beneficiary Summary,53,PTD_PLAN_CVRG_MONS,metric,True,6288,0,0.0,13,9
beneficiary_2016.csv,Master Beneficiary Summary,54,MDCR_ENTLMT_BUYIN_IND_01,text or coded value,False,6288,0,0.0,3,3
beneficiary_2016.csv,Master Beneficiary Summary,55,MDCR_ENTLMT_BUYIN_IND_02,text or coded value,False,6288,0,0.0,3,3
beneficiary_2016.csv,Master Beneficiary Summary,56,MDCR_ENTLMT_BUYIN_IND_03,text or coded value,False,6288,0,0.0,3,3
beneficiary_2016.csv,Master Beneficiary Summary,57,MDCR_ENTLMT_BUYIN_IND_04,text or coded value,False,6288,0,0.0,3,3
beneficiary_2016.csv,Master Beneficiary Summary,58,MDCR_ENTLMT_BUYIN_IND_05,text or coded value,False,6288,0,0.0,3,3
beneficiary_2016.csv,Master Beneficiary Summary,59,MDCR_ENTLMT_BUYIN_IND_06,text or coded value,False,6288,0,0.0,3,3
beneficiary_2016.csv,Master Beneficiary Summary,60,MDCR_ENTLMT_BUYIN_IND_07,text or coded value,False,6288,0,0.0,3,3
beneficiary_2016.csv,Master Beneficiary Summary,61,MDCR_ENTLMT_BUYIN_IND_08,text or coded value,False,6288,0,0.0,3,3
beneficiary_2016.csv,Master Beneficiary Summary,62,MDCR_ENTLMT_BUYIN_IND_09,text or coded value,False,6288,0,0.0,3,3
beneficiary_2016.csv,Master Beneficiary Summary,63,MDCR_ENTLMT_BUYIN_IND_10,text or coded value,False,6288,0,0.0,3,3
beneficiary_2016.csv,Master Beneficiary Summary,64,MDCR_ENTLMT_BUYIN_IND_11,text or coded value,False,6288,0,0.0,3,3
beneficiary_2016.csv,Master Beneficiary Summary,65,MDCR_ENTLMT_BUYIN_IND_12,text or coded value,False,6288,0,0.0,3,3
beneficiary_2016.csv,Master Beneficiary Summary,66,HMO_IND_01,text or coded value,False,0,6288,100.0,0,
beneficiary_2016.csv,Master Beneficiary Summary,67,HMO_IND_02,text or coded value,False,0,6288,100.0,0,
beneficiary_2016.csv,Master Beneficiary Summary,68,HMO_IND_03,text or coded value,False,0,6288,100.0,0,
beneficiary_2016.csv,Master Beneficiary Summary,69,HMO_IND_04,text or coded value,False,0,6288,100.0,0,
beneficiary_2016.csv,Master Beneficiary Summary,70,HMO_IND_05,text or coded value,False,0,6288,100.0,0,
beneficiary_2016.csv,Master Beneficiary Summary,71,HMO_IND_06,text or coded value,False,0,6288,100.0,0,
beneficiary_2016.csv,Master Beneficiary Summary,72,HMO_IND_07,text or coded value,False,0,6288,100.0,0,
beneficiary_2016.csv,Master Beneficiary Summary,73,HMO_IND_08,text or coded value,False,0,6288,100.0,0,
beneficiary_2016.csv,Master Beneficiary Summary,74,HMO_IND_09,text or coded value,False,0,6288,100.0,0,
beneficiary_2016.csv,Master Beneficiary Summary,75,HMO_IND_10,text or coded value,False,0,6288,100.0,0,
beneficiary_2016.csv,Master Beneficiary Summary,76,HMO_IND_11,text or coded value,False,0,6288,100.0,0,
beneficiary_2016.csv,Master Beneficiary Summary,77,HMO_IND_12,text or coded value,False,0,6288,100.0,0,
beneficiary_2016.csv,Master Beneficiary Summary,78,PTC_CNTRCT_ID_01,text or coded value,False,3615,2673,42.51,10,Y0007
beneficiary_2016.csv,Master Beneficiary Summary,79,PTC_CNTRCT_ID_02,text or coded value,False,3619,2669,42.45,10,Y0007
beneficiary_2016.csv,Master Beneficiary Summary,80,PTC_CNTRCT_ID_03,text or coded value,False,3615,2673,42.51,10,Y0007
beneficiary_2016.csv,Master Beneficiary Summary,81,PTC_CNTRCT_ID_04,text or coded value,False,3611,2677,42.57,10,Y0007
beneficiary_2016.csv,Master Beneficiary Summary,82,PTC_CNTRCT_ID_05,text or coded value,False,3619,2669,42.45,10,Y0007
beneficiary_2016.csv,Master Beneficiary Summary,83,PTC_CNTRCT_ID_06,text or coded value,False,3613,2675,42.54,10,Y0007
beneficiary_2016.csv,Master Beneficiary Summary,84,PTC_CNTRCT_ID_07,text or coded value,False,3618,2670,42.46,10,Y0007
beneficiary_2016.csv,Master Beneficiary Summary,85,PTC_CNTRCT_ID_08,text or coded value,False,3615,2673,42.51,10,Y0007
beneficiary_2016.csv,Master Beneficiary Summary,86,PTC_CNTRCT_ID_09,text or coded value,False,3614,2674,42.53,10,Y0007
beneficiary_2016.csv,Master Beneficiary Summary,87,PTC_CNTRCT_ID_10,text or coded value,False,3607,2681,42.64,10,Y0007
beneficiary_2016.csv,Master Beneficiary Summary,88,PTC_CNTRCT_ID_11,text or coded value,False,3614,2674,42.53,10,Y0007
beneficiary_2016.csv,Master Beneficiary Summary,89,PTC_CNTRCT_ID_12,text or coded value,False,3602,2686,42.72,10,Y0007
beneficiary_2016.csv,Master Beneficiary Summary,90,PTC_PBP_ID_01,text or coded value,False,3615,2673,42.51,5,803
beneficiary_2016.csv,Master Beneficiary Summary,91,PTC_PBP_ID_02,text or coded value,False,3619,2669,42.45,5,803
beneficiary_2016.csv,Master Beneficiary Summary,92,PTC_PBP_ID_03,text or coded value,False,3615,2673,42.51,5,803
beneficiary_2016.csv,Master Beneficiary Summary,93,PTC_PBP_ID_04,text or coded value,False,3611,2677,42.57,5,803
beneficiary_2016.csv,Master Beneficiary Summary,94,PTC_PBP_ID_05,text or coded value,False,3619,2669,42.45,5,803
beneficiary_2016.csv,Master Beneficiary Summary,95,PTC_PBP_ID_06,text or coded value,False,3613,2675,42.54,5,803
beneficiary_2016.csv,Master Beneficiary Summary,96,PTC_PBP_ID_07,text or coded value,False,3618,2670,42.46,5,803
beneficiary_2016.csv,Master Beneficiary Summary,97,PTC_PBP_ID_08,text or coded value,False,3615,2673,42.51,5,803
beneficiary_2016.csv,Master Beneficiary Summary,98,PTC_PBP_ID_09,text or coded value,False,3614,2674,42.53,5,803
beneficiary_2016.csv,Master Beneficiary Summary,99,PTC_PBP_ID_10,text or coded value,False,3607,2681,42.64,5,803
beneficiary_2016.csv,Master Beneficiary Summary,100,PTC_PBP_ID_11,text or coded value,False,3614,2674,42.53,5,803
beneficiary_2016.csv,Master Beneficiary Summary,101,PTC_PBP_ID_12,text or coded value,False,3602,2686,42.72,5,803
beneficiary_2016.csv,Master Beneficiary Summary,102,PTC_PLAN_TYPE_CD_01,text or coded value,False,0,6288,100.0,0,
beneficiary_2016.csv,Master Beneficiary Summary,103,PTC_PLAN_TYPE_CD_02,text or coded value,False,0,6288,100.0,0,
beneficiary_2016.csv,Master Beneficiary Summary,104,PTC_PLAN_TYPE_CD_03,text or coded value,False,0,6288,100.0,0,
beneficiary_2016.csv,Master Beneficiary Summary,105,PTC_PLAN_TYPE_CD_04,text or coded value,False,0,6288,100.0,0,
beneficiary_2016.csv,Master Beneficiary Summary,106,PTC_PLAN_TYPE_CD_05,text or coded value,False,0,6288,100.0,0,
beneficiary_2016.csv,Master Beneficiary Summary,107,PTC_PLAN_TYPE_CD_06,text or coded value,False,0,6288,100.0,0,
beneficiary_2016.csv,Master Beneficiary Summary,108,PTC_PLAN_TYPE_CD_07,text or coded value,False,0,6288,100.0,0,
beneficiary_2016.csv,Master Beneficiary Summary,109,PTC_PLAN_TYPE_CD_08,text or coded value,False,0,6288,100.0,0,
beneficiary_2016.csv,Master Beneficiary Summary,110,PTC_PLAN_TYPE_CD_09,text or coded value,False,0,6288,100.0,0,
beneficiary_2016.csv,Master Beneficiary Summary,111,PTC_PLAN_TYPE_CD_10,text or coded value,False,0,6288,100.0,0,
beneficiary_2016.csv,Master Beneficiary Summary,112,PTC_PLAN_TYPE_CD_11,text or coded value,False,0,6288,100.0,0,
beneficiary_2016.csv,Master Beneficiary Summary,113,PTC_PLAN_TYPE_CD_12,text or coded value,False,0,6288,100.0,0,
beneficiary_2016.csv,Master Beneficiary Summary,114,PTD_CNTRCT_ID_01,text or coded value,False,4485,1803,28.67,11,Z0002
beneficiary_2016.csv,Master Beneficiary Summary,115,PTD_CNTRCT_ID_02,text or coded value,False,4475,1813,28.83,11,Z0002
beneficiary_2016.csv,Master Beneficiary Summary,116,PTD_CNTRCT_ID_03,text or coded value,False,4465,1823,28.99,11,Z0002
beneficiary_2016.csv,Master Beneficiary Summary,117,PTD_CNTRCT_ID_04,text or coded value,False,4465,1823,28.99,11,Z0005
beneficiary_2016.csv,Master Beneficiary Summary,118,PTD_CNTRCT_ID_05,text or coded value,False,4455,1833,29.15,11,Z0005
beneficiary_2016.csv,Master Beneficiary Summary,119,PTD_CNTRCT_ID_06,text or coded value,False,4454,1834,29.17,11,Z0005
beneficiary_2016.csv,Master Beneficiary Summary,120,PTD_CNTRCT_ID_07,text or coded value,False,4449,1839,29.25,11,Z0005
beneficiary_2016.csv,Master Beneficiary Summary,121,PTD_CNTRCT_ID_08,text or coded value,False,4441,1847,29.37,11,Z0005
beneficiary_2016.csv,Master Beneficiary Summary,122,PTD_CNTRCT_ID_09,text or coded value,False,4437,1851,29.44,11,Z0005
beneficiary_2016.csv,Master Beneficiary Summary,123,PTD_CNTRCT_ID_10,text or coded value,False,4425,1863,29.63,11,Z0005
beneficiary_2016.csv,Master Beneficiary Summary,124,PTD_CNTRCT_ID_11,text or coded value,False,4415,1873,29.79,11,Z0005
beneficiary_2016.csv,Master Beneficiary Summary,125,PTD_CNTRCT_ID_12,text or coded value,False,4417,1871,29.76,10,Z0005
beneficiary_2016.csv,Master Beneficiary Summary,126,PTD_PBP_ID_01,text or coded value,False,4264,2024,32.19,5,800
beneficiary_2016.csv,Master Beneficiary Summary,127,PTD_PBP_ID_02,text or coded value,False,4269,2019,32.11,5,800
beneficiary_2016.csv,Master Beneficiary Summary,128,PTD_PBP_ID_03,text or coded value,False,4287,2001,31.82,5,800
beneficiary_2016.csv,Master Beneficiary Summary,129,PTD_PBP_ID_04,text or coded value,False,4310,1978,31.46,5,802
beneficiary_2016.csv,Master Beneficiary Summary,130,PTD_PBP_ID_05,text or coded value,False,4324,1964,31.23,5,802
beneficiary_2016.csv,Master Beneficiary Summary,131,PTD_PBP_ID_06,text or coded value,False,4335,1953,31.06,5,802
beneficiary_2016.csv,Master Beneficiary Summary,132,PTD_PBP_ID_07,text or coded value,False,4343,1945,30.93,5,802
beneficiary_2016.csv,Master Beneficiary Summary,133,PTD_PBP_ID_08,text or coded value,False,4347,1941,30.87,5,802
beneficiary_2016.csv,Master Beneficiary Summary,134,PTD_PBP_ID_09,text or coded value,False,4372,1916,30.47,5,802
beneficiary_2016.csv,Master Beneficiary Summary,135,PTD_PBP_ID_10,text or coded value,False,4385,1903,30.26,5,802
beneficiary_2016.csv,Master Beneficiary Summary,136,PTD_PBP_ID_11,text or coded value,False,4392,1896,30.15,5,802
beneficiary_2016.csv,Master Beneficiary Summary,137,PTD_PBP_ID_12,text or coded value,False,4417,1871,29.76,5,802
beneficiary_2016.csv,Master Beneficiary Summary,138,PTD_SGMT_ID_01,text or coded value,False,4264,2024,32.19,1,000
beneficiary_2016.csv,Master Beneficiary Summary,139,PTD_SGMT_ID_02,text or coded value,False,4269,2019,32.11,1,000
beneficiary_2016.csv,Master Beneficiary Summary,140,PTD_SGMT_ID_03,text or coded value,False,4287,2001,31.82,1,000
beneficiary_2016.csv,Master Beneficiary Summary,141,PTD_SGMT_ID_04,text or coded value,False,4310,1978,31.46,1,000
beneficiary_2016.csv,Master Beneficiary Summary,142,PTD_SGMT_ID_05,text or coded value,False,4324,1964,31.23,1,000
beneficiary_2016.csv,Master Beneficiary Summary,143,PTD_SGMT_ID_06,text or coded value,False,4335,1953,31.06,1,000
beneficiary_2016.csv,Master Beneficiary Summary,144,PTD_SGMT_ID_07,text or coded value,False,4343,1945,30.93,1,000
beneficiary_2016.csv,Master Beneficiary Summary,145,PTD_SGMT_ID_08,text or coded value,False,4347,1941,30.87,1,000
beneficiary_2016.csv,Master Beneficiary Summary,146,PTD_SGMT_ID_09,text or coded value,False,4372,1916,30.47,1,000
beneficiary_2016.csv,Master Beneficiary Summary,147,PTD_SGMT_ID_10,text or coded value,False,4385,1903,30.26,1,000
beneficiary_2016.csv,Master Beneficiary Summary,148,PTD_SGMT_ID_11,text or coded value,False,4392,1896,30.15,1,000
beneficiary_2016.csv,Master Beneficiary Summary,149,PTD_SGMT_ID_12,text or coded value,False,4417,1871,29.76,1,000
beneficiary_2016.csv,Master Beneficiary Summary,150,RDS_IND_01,text or coded value,False,4485,1803,28.67,3,N
beneficiary_2016.csv,Master Beneficiary Summary,151,RDS_IND_02,text or coded value,False,4475,1813,28.83,3,N
beneficiary_2016.csv,Master Beneficiary Summary,152,RDS_IND_03,text or coded value,False,4465,1823,28.99,3,N
beneficiary_2016.csv,Master Beneficiary Summary,153,RDS_IND_04,text or coded value,False,4465,1823,28.99,3,N
beneficiary_2016.csv,Master Beneficiary Summary,154,RDS_IND_05,text or coded value,False,4455,1833,29.15,3,N
beneficiary_2016.csv,Master Beneficiary Summary,155,RDS_IND_06,text or coded value,False,4454,1834,29.17,3,N
beneficiary_2016.csv,Master Beneficiary Summary,156,RDS_IND_07,text or coded value,False,4449,1839,29.25,3,N
beneficiary_2016.csv,Master Beneficiary Summary,157,RDS_IND_08,text or coded value,False,4441,1847,29.37,3,N
beneficiary_2016.csv,Master Beneficiary Summary,158,RDS_IND_09,text or coded value,False,4437,1851,29.44,3,N
beneficiary_2016.csv,Master Beneficiary Summary,159,RDS_IND_10,text or coded value,False,4425,1863,29.63,3,N
beneficiary_2016.csv,Master Beneficiary Summary,160,RDS_IND_11,text or coded value,False,4415,1873,29.79,3,N
beneficiary_2016.csv,Master Beneficiary Summary,161,RDS_IND_12,text or coded value,False,4417,1871,29.76,2,N
beneficiary_2016.csv,Master Beneficiary Summary,162,DUAL_STUS_CD_01,text or coded value,False,6274,14,0.22,10,NA
beneficiary_2016.csv,Master Beneficiary Summary,163,DUAL_STUS_CD_02,text or coded value,False,6274,14,0.22,10,NA
beneficiary_2016.csv,Master Beneficiary Summary,164,DUAL_STUS_CD_03,text or coded value,False,6274,14,0.22,10,NA
beneficiary_2016.csv,Master Beneficiary Summary,165,DUAL_STUS_CD_04,text or coded value,False,6274,14,0.22,10,NA
beneficiary_2016.csv,Master Beneficiary Summary,166,DUAL_STUS_CD_05,text or coded value,False,6274,14,0.22,10,NA
beneficiary_2016.csv,Master Beneficiary Summary,167,DUAL_STUS_CD_06,text or coded value,False,6274,14,0.22,10,NA
beneficiary_2016.csv,Master Beneficiary Summary,168,DUAL_STUS_CD_07,text or coded value,False,6274,14,0.22,10,NA
beneficiary_2016.csv,Master Beneficiary Summary,169,DUAL_STUS_CD_08,text or coded value,False,6274,14,0.22,10,NA
beneficiary_2016.csv,Master Beneficiary Summary,170,DUAL_STUS_CD_09,text or coded value,False,6274,14,0.22,10,NA
beneficiary_2016.csv,Master Beneficiary Summary,171,DUAL_STUS_CD_10,text or coded value,False,6274,14,0.22,10,NA
beneficiary_2016.csv,Master Beneficiary Summary,172,DUAL_STUS_CD_11,text or coded value,False,6274,14,0.22,10,NA
beneficiary_2016.csv,Master Beneficiary Summary,173,DUAL_STUS_CD_12,text or coded value,False,6274,14,0.22,9,NA
beneficiary_2016.csv,Master Beneficiary Summary,174,CST_SHR_GRP_CD_01,text or coded value,False,6288,0,0.0,5,00
beneficiary_2016.csv,Master Beneficiary Summary,175,CST_SHR_GRP_CD_02,text or coded value,False,6288,0,0.0,5,00
beneficiary_2016.csv,Master Beneficiary Summary,176,CST_SHR_GRP_CD_03,text or coded value,False,6288,0,0.0,5,00
beneficiary_2016.csv,Master Beneficiary Summary,177,CST_SHR_GRP_CD_04,text or coded value,False,6288,0,0.0,5,02
beneficiary_2016.csv,Master Beneficiary Summary,178,CST_SHR_GRP_CD_05,text or coded value,False,6288,0,0.0,5,02
beneficiary_2016.csv,Master Beneficiary Summary,179,CST_SHR_GRP_CD_06,text or coded value,False,6288,0,0.0,5,02
beneficiary_2016.csv,Master Beneficiary Summary,180,CST_SHR_GRP_CD_07,text or coded value,False,6288,0,0.0,5,02
beneficiary_2016.csv,Master Beneficiary Summary,181,CST_SHR_GRP_CD_08,text or coded value,False,6288,0,0.0,5,02
beneficiary_2016.csv,Master Beneficiary Summary,182,CST_SHR_GRP_CD_09,text or coded value,False,6288,0,0.0,5,02
beneficiary_2016.csv,Master Beneficiary Summary,183,CST_SHR_GRP_CD_10,text or coded value,False,6288,0,0.0,5,02
beneficiary_2016.csv,Master Beneficiary Summary,184,CST_SHR_GRP_CD_11,text or coded value,False,6288,0,0.0,5,02
beneficiary_2016.csv,Master Beneficiary Summary,185,CST_SHR_GRP_CD_12,text or coded value,False,6288,0,0.0,5,02
beneficiary_2017.csv,Master Beneficiary Summary,1,BENE_ID,key,True,6613,0,0.0,6613,-10000010254618
beneficiary_2017.csv,Master Beneficiary Summary,2,STATE_CODE,dimension,True,6613,0,0.0,51,01
beneficiary_2017.csv,Master Beneficiary Summary,3,COUNTY_CD,dimension,True,6613,0,0.0,1436,1500
beneficiary_2017.csv,Master Beneficiary Summary,4,ZIP_CD,dimension,True,6613,0,0.0,4262,36109
beneficiary_2017.csv,Master Beneficiary Summary,5,BENE_BIRTH_DT,date,True,6613,0,0.0,5730,16-Aug-1999
beneficiary_2017.csv,Master Beneficiary Summary,6,SEX_IDENT_CD,dimension,True,6613,0,0.0,2,1
beneficiary_2017.csv,Master Beneficiary Summary,7,BENE_RACE_CD,dimension,True,6613,0,0.0,6,1
beneficiary_2017.csv,Master Beneficiary Summary,8,ENTLMT_RSN_ORIG,dimension,True,6613,0,0.0,4,1
beneficiary_2017.csv,Master Beneficiary Summary,9,ENTLMT_RSN_CURR,dimension,True,6613,0,0.0,4,1
beneficiary_2017.csv,Master Beneficiary Summary,10,ESRD_IND,dimension,True,6613,0,0.0,2,0
beneficiary_2017.csv,Master Beneficiary Summary,11,BENE_PTA_TRMNTN_CD,coded dimension,False,6613,0,0.0,1,0
beneficiary_2017.csv,Master Beneficiary Summary,12,BENE_PTB_TRMNTN_CD,coded dimension,False,6613,0,0.0,1,0
beneficiary_2017.csv,Master Beneficiary Summary,13,BENE_DEATH_DT,date,True,0,6613,100.0,0,
beneficiary_2017.csv,Master Beneficiary Summary,14,BENE_ENROLLMT_REF_YR,date,True,6613,0,0.0,1,2017
beneficiary_2017.csv,Master Beneficiary Summary,15,BENE_HI_CVRAGE_TOT_MONS,metric,True,6613,0,0.0,1,12
beneficiary_2017.csv,Master Beneficiary Summary,16,BENE_SMI_CVRAGE_TOT_MONS,metric,True,6613,0,0.0,1,12
beneficiary_2017.csv,Master Beneficiary Summary,17,BENE_STATE_BUYIN_TOT_MONS,text or coded value,False,6613,0,0.0,1,12
beneficiary_2017.csv,Master Beneficiary Summary,18,BENE_HMO_CVRAGE_TOT_MONS,metric,True,6613,0,0.0,1,0
beneficiary_2017.csv,Master Beneficiary Summary,19,RDS_CVRG_MONS,text or coded value,False,6613,0,0.0,2,0
beneficiary_2017.csv,Master Beneficiary Summary,20,ENRL_SRC,text or coded value,False,6613,0,0.0,1,CME
beneficiary_2017.csv,Master Beneficiary Summary,21,SAMPLE_GROUP,text or coded value,False,0,6613,100.0,0,
beneficiary_2017.csv,Master Beneficiary Summary,22,ENHANCED_FIVE_PERCENT_FLAG,text or coded value,False,6613,0,0.0,1, 
beneficiary_2017.csv,Master Beneficiary Summary,23,CRNT_BIC_CD,coded dimension,False,6613,0,0.0,22,A
beneficiary_2017.csv,Master Beneficiary Summary,24,AGE_AT_END_REF_YR,dimension,True,6613,0,0.0,106,18
beneficiary_2017.csv,Master Beneficiary Summary,25,COVSTART,text or coded value,False,6613,0,0.0,4830,08-Sep-1999
beneficiary_2017.csv,Master Beneficiary Summary,26,DUAL_ELGBL_MONS,metric,True,6613,0,0.0,1,0
beneficiary_2017.csv,Master Beneficiary Summary,27,STATE_CNTY_FIPS_CD_01,text or coded value,False,5625,988,14.94,1318,1101
beneficiary_2017.csv,Master Beneficiary Summary,28,STATE_CNTY_FIPS_CD_02,text or coded value,False,5625,988,14.94,1318,1101
beneficiary_2017.csv,Master Beneficiary Summary,29,STATE_CNTY_FIPS_CD_03,text or coded value,False,5625,988,14.94,1318,1101
beneficiary_2017.csv,Master Beneficiary Summary,30,STATE_CNTY_FIPS_CD_04,text or coded value,False,5625,988,14.94,1318,1101
beneficiary_2017.csv,Master Beneficiary Summary,31,STATE_CNTY_FIPS_CD_05,text or coded value,False,5625,988,14.94,1318,1101
beneficiary_2017.csv,Master Beneficiary Summary,32,STATE_CNTY_FIPS_CD_06,text or coded value,False,5625,988,14.94,1318,1101
beneficiary_2017.csv,Master Beneficiary Summary,33,STATE_CNTY_FIPS_CD_07,text or coded value,False,5625,988,14.94,1318,1101
beneficiary_2017.csv,Master Beneficiary Summary,34,STATE_CNTY_FIPS_CD_08,text or coded value,False,5625,988,14.94,1318,1101
beneficiary_2017.csv,Master Beneficiary Summary,35,STATE_CNTY_FIPS_CD_09,text or coded value,False,5625,988,14.94,1318,1101
beneficiary_2017.csv,Master Beneficiary Summary,36,STATE_CNTY_FIPS_CD_10,text or coded value,False,5625,988,14.94,1318,1101
beneficiary_2017.csv,Master Beneficiary Summary,37,STATE_CNTY_FIPS_CD_11,text or coded value,False,5625,988,14.94,1318,1101
beneficiary_2017.csv,Master Beneficiary Summary,38,STATE_CNTY_FIPS_CD_12,text or coded value,False,5625,988,14.94,1318,1101
beneficiary_2017.csv,Master Beneficiary Summary,39,VALID_DEATH_DT_SW,coded dimension,False,0,6613,100.0,0,
beneficiary_2017.csv,Master Beneficiary Summary,40,RTI_RACE_CD,dimension,True,6613,0,0.0,6,1
beneficiary_2017.csv,Master Beneficiary Summary,41,MDCR_STATUS_CODE_01,text or coded value,False,6613,0,0.0,5,20
beneficiary_2017.csv,Master Beneficiary Summary,42,MDCR_STATUS_CODE_02,text or coded value,False,6613,0,0.0,5,20
beneficiary_2017.csv,Master Beneficiary Summary,43,MDCR_STATUS_CODE_03,text or coded value,False,6613,0,0.0,5,20
beneficiary_2017.csv,Master Beneficiary Summary,44,MDCR_STATUS_CODE_04,text or coded value,False,6613,0,0.0,5,20
beneficiary_2017.csv,Master Beneficiary Summary,45,MDCR_STATUS_CODE_05,text or coded value,False,6613,0,0.0,5,20
beneficiary_2017.csv,Master Beneficiary Summary,46,MDCR_STATUS_CODE_06,text or coded value,False,6613,0,0.0,5,20
beneficiary_2017.csv,Master Beneficiary Summary,47,MDCR_STATUS_CODE_07,text or coded value,False,6613,0,0.0,5,20
beneficiary_2017.csv,Master Beneficiary Summary,48,MDCR_STATUS_CODE_08,text or coded value,False,6613,0,0.0,5,20
beneficiary_2017.csv,Master Beneficiary Summary,49,MDCR_STATUS_CODE_09,text or coded value,False,6613,0,0.0,5,20
beneficiary_2017.csv,Master Beneficiary Summary,50,MDCR_STATUS_CODE_10,text or coded value,False,6613,0,0.0,5,20
beneficiary_2017.csv,Master Beneficiary Summary,51,MDCR_STATUS_CODE_11,text or coded value,False,6613,0,0.0,5,20
beneficiary_2017.csv,Master Beneficiary Summary,52,MDCR_STATUS_CODE_12,text or coded value,False,6613,0,0.0,5,20
beneficiary_2017.csv,Master Beneficiary Summary,53,PTD_PLAN_CVRG_MONS,metric,True,6613,0,0.0,13,12
beneficiary_2017.csv,Master Beneficiary Summary,54,MDCR_ENTLMT_BUYIN_IND_01,text or coded value,False,6613,0,0.0,3,3
beneficiary_2017.csv,Master Beneficiary Summary,55,MDCR_ENTLMT_BUYIN_IND_02,text or coded value,False,6613,0,0.0,3,3
beneficiary_2017.csv,Master Beneficiary Summary,56,MDCR_ENTLMT_BUYIN_IND_03,text or coded value,False,6613,0,0.0,3,3
beneficiary_2017.csv,Master Beneficiary Summary,57,MDCR_ENTLMT_BUYIN_IND_04,text or coded value,False,6613,0,0.0,3,3
beneficiary_2017.csv,Master Beneficiary Summary,58,MDCR_ENTLMT_BUYIN_IND_05,text or coded value,False,6613,0,0.0,3,3
beneficiary_2017.csv,Master Beneficiary Summary,59,MDCR_ENTLMT_BUYIN_IND_06,text or coded value,False,6613,0,0.0,3,3
beneficiary_2017.csv,Master Beneficiary Summary,60,MDCR_ENTLMT_BUYIN_IND_07,text or coded value,False,6613,0,0.0,3,3
beneficiary_2017.csv,Master Beneficiary Summary,61,MDCR_ENTLMT_BUYIN_IND_08,text or coded value,False,6613,0,0.0,3,3
beneficiary_2017.csv,Master Beneficiary Summary,62,MDCR_ENTLMT_BUYIN_IND_09,text or coded value,False,6613,0,0.0,3,3
beneficiary_2017.csv,Master Beneficiary Summary,63,MDCR_ENTLMT_BUYIN_IND_10,text or coded value,False,6613,0,0.0,3,3
beneficiary_2017.csv,Master Beneficiary Summary,64,MDCR_ENTLMT_BUYIN_IND_11,text or coded value,False,6613,0,0.0,3,3
beneficiary_2017.csv,Master Beneficiary Summary,65,MDCR_ENTLMT_BUYIN_IND_12,text or coded value,False,6613,0,0.0,3,3
beneficiary_2017.csv,Master Beneficiary Summary,66,HMO_IND_01,text or coded value,False,0,6613,100.0,0,
beneficiary_2017.csv,Master Beneficiary Summary,67,HMO_IND_02,text or coded value,False,0,6613,100.0,0,
beneficiary_2017.csv,Master Beneficiary Summary,68,HMO_IND_03,text or coded value,False,0,6613,100.0,0,
beneficiary_2017.csv,Master Beneficiary Summary,69,HMO_IND_04,text or coded value,False,0,6613,100.0,0,
beneficiary_2017.csv,Master Beneficiary Summary,70,HMO_IND_05,text or coded value,False,0,6613,100.0,0,
beneficiary_2017.csv,Master Beneficiary Summary,71,HMO_IND_06,text or coded value,False,0,6613,100.0,0,
beneficiary_2017.csv,Master Beneficiary Summary,72,HMO_IND_07,text or coded value,False,0,6613,100.0,0,
beneficiary_2017.csv,Master Beneficiary Summary,73,HMO_IND_08,text or coded value,False,0,6613,100.0,0,
beneficiary_2017.csv,Master Beneficiary Summary,74,HMO_IND_09,text or coded value,False,0,6613,100.0,0,
beneficiary_2017.csv,Master Beneficiary Summary,75,HMO_IND_10,text or coded value,False,0,6613,100.0,0,
beneficiary_2017.csv,Master Beneficiary Summary,76,HMO_IND_11,text or coded value,False,0,6613,100.0,0,
beneficiary_2017.csv,Master Beneficiary Summary,77,HMO_IND_12,text or coded value,False,0,6613,100.0,0,
beneficiary_2017.csv,Master Beneficiary Summary,78,PTC_CNTRCT_ID_01,text or coded value,False,3801,2812,42.52,10,Y0004
beneficiary_2017.csv,Master Beneficiary Summary,79,PTC_CNTRCT_ID_02,text or coded value,False,3798,2815,42.57,10,Y0004
beneficiary_2017.csv,Master Beneficiary Summary,80,PTC_CNTRCT_ID_03,text or coded value,False,3804,2809,42.48,10,Y0004
beneficiary_2017.csv,Master Beneficiary Summary,81,PTC_CNTRCT_ID_04,text or coded value,False,3800,2813,42.54,10,Y0004
beneficiary_2017.csv,Master Beneficiary Summary,82,PTC_CNTRCT_ID_05,text or coded value,False,3812,2801,42.36,10,Y0004
beneficiary_2017.csv,Master Beneficiary Summary,83,PTC_CNTRCT_ID_06,text or coded value,False,3816,2797,42.3,10,Y0004
beneficiary_2017.csv,Master Beneficiary Summary,84,PTC_CNTRCT_ID_07,text or coded value,False,3816,2797,42.3,10,Y0004
beneficiary_2017.csv,Master Beneficiary Summary,85,PTC_CNTRCT_ID_08,text or coded value,False,3818,2795,42.27,10,Y0004
beneficiary_2017.csv,Master Beneficiary Summary,86,PTC_CNTRCT_ID_09,text or coded value,False,3816,2797,42.3,10,Y0004
beneficiary_2017.csv,Master Beneficiary Summary,87,PTC_CNTRCT_ID_10,text or coded value,False,3819,2794,42.25,10,Y0004
beneficiary_2017.csv,Master Beneficiary Summary,88,PTC_CNTRCT_ID_11,text or coded value,False,3825,2788,42.16,10,Y0004
beneficiary_2017.csv,Master Beneficiary Summary,89,PTC_CNTRCT_ID_12,text or coded value,False,3818,2795,42.27,10,Y0004
beneficiary_2017.csv,Master Beneficiary Summary,90,PTC_PBP_ID_01,text or coded value,False,3801,2812,42.52,5,802
beneficiary_2017.csv,Master Beneficiary Summary,91,PTC_PBP_ID_02,text or coded value,False,3798,2815,42.57,5,802
beneficiary_2017.csv,Master Beneficiary Summary,92,PTC_PBP_ID_03,text or coded value,False,3804,2809,42.48,5,802
beneficiary_2017.csv,Master Beneficiary Summary,93,PTC_PBP_ID_04,text or coded value,False,3800,2813,42.54,5,802
beneficiary_2017.csv,Master Beneficiary Summary,94,PTC_PBP_ID_05,text or coded value,False,3812,2801,42.36,5,802
beneficiary_2017.csv,Master Beneficiary Summary,95,PTC_PBP_ID_06,text or coded value,False,3816,2797,42.3,5,802
beneficiary_2017.csv,Master Beneficiary Summary,96,PTC_PBP_ID_07,text or coded value,False,3816,2797,42.3,5,802
beneficiary_2017.csv,Master Beneficiary Summary,97,PTC_PBP_ID_08,text or coded value,False,3818,2795,42.27,5,802
beneficiary_2017.csv,Master Beneficiary Summary,98,PTC_PBP_ID_09,text or coded value,False,3816,2797,42.3,5,802
beneficiary_2017.csv,Master Beneficiary Summary,99,PTC_PBP_ID_10,text or coded value,False,3819,2794,42.25,5,802
beneficiary_2017.csv,Master Beneficiary Summary,100,PTC_PBP_ID_11,text or coded value,False,3825,2788,42.16,5,802
beneficiary_2017.csv,Master Beneficiary Summary,101,PTC_PBP_ID_12,text or coded value,False,3818,2795,42.27,5,802
beneficiary_2017.csv,Master Beneficiary Summary,102,PTC_PLAN_TYPE_CD_01,text or coded value,False,0,6613,100.0,0,
beneficiary_2017.csv,Master Beneficiary Summary,103,PTC_PLAN_TYPE_CD_02,text or coded value,False,0,6613,100.0,0,
beneficiary_2017.csv,Master Beneficiary Summary,104,PTC_PLAN_TYPE_CD_03,text or coded value,False,0,6613,100.0,0,
beneficiary_2017.csv,Master Beneficiary Summary,105,PTC_PLAN_TYPE_CD_04,text or coded value,False,0,6613,100.0,0,
beneficiary_2017.csv,Master Beneficiary Summary,106,PTC_PLAN_TYPE_CD_05,text or coded value,False,0,6613,100.0,0,
beneficiary_2017.csv,Master Beneficiary Summary,107,PTC_PLAN_TYPE_CD_06,text or coded value,False,0,6613,100.0,0,
beneficiary_2017.csv,Master Beneficiary Summary,108,PTC_PLAN_TYPE_CD_07,text or coded value,False,0,6613,100.0,0,
beneficiary_2017.csv,Master Beneficiary Summary,109,PTC_PLAN_TYPE_CD_08,text or coded value,False,0,6613,100.0,0,
beneficiary_2017.csv,Master Beneficiary Summary,110,PTC_PLAN_TYPE_CD_09,text or coded value,False,0,6613,100.0,0,
beneficiary_2017.csv,Master Beneficiary Summary,111,PTC_PLAN_TYPE_CD_10,text or coded value,False,0,6613,100.0,0,
beneficiary_2017.csv,Master Beneficiary Summary,112,PTC_PLAN_TYPE_CD_11,text or coded value,False,0,6613,100.0,0,
beneficiary_2017.csv,Master Beneficiary Summary,113,PTC_PLAN_TYPE_CD_12,text or coded value,False,0,6613,100.0,0,
beneficiary_2017.csv,Master Beneficiary Summary,114,PTD_CNTRCT_ID_01,text or coded value,False,4725,1888,28.55,11,Z0005
beneficiary_2017.csv,Master Beneficiary Summary,115,PTD_CNTRCT_ID_02,text or coded value,False,4721,1892,28.61,11,Z0005
beneficiary_2017.csv,Master Beneficiary Summary,116,PTD_CNTRCT_ID_03,text or coded value,False,4707,1906,28.82,11,Z0005
beneficiary_2017.csv,Master Beneficiary Summary,117,PTD_CNTRCT_ID_04,text or coded value,False,4698,1915,28.96,11,Z0005
beneficiary_2017.csv,Master Beneficiary Summary,118,PTD_CNTRCT_ID_05,text or coded value,False,4688,1925,29.11,11,Z0005
beneficiary_2017.csv,Master Beneficiary Summary,119,PTD_CNTRCT_ID_06,text or coded value,False,4685,1928,29.15,11,Z0005
beneficiary_2017.csv,Master Beneficiary Summary,120,PTD_CNTRCT_ID_07,text or coded value,False,4688,1925,29.11,11,Z0005
beneficiary_2017.csv,Master Beneficiary Summary,121,PTD_CNTRCT_ID_08,text or coded value,False,4684,1929,29.17,11,Z0005
beneficiary_2017.csv,Master Beneficiary Summary,122,PTD_CNTRCT_ID_09,text or coded value,False,4687,1926,29.12,11,Z0005
beneficiary_2017.csv,Master Beneficiary Summary,123,PTD_CNTRCT_ID_10,text or coded value,False,4679,1934,29.25,11,Z0005
beneficiary_2017.csv,Master Beneficiary Summary,124,PTD_CNTRCT_ID_11,text or coded value,False,4664,1949,29.47,11,Z0005
beneficiary_2017.csv,Master Beneficiary Summary,125,PTD_CNTRCT_ID_12,text or coded value,False,4657,1956,29.58,10,Z0005
beneficiary_2017.csv,Master Beneficiary Summary,126,PTD_PBP_ID_01,text or coded value,False,4508,2105,31.83,5,802
beneficiary_2017.csv,Master Beneficiary Summary,127,PTD_PBP_ID_02,text or coded value,False,4524,2089,31.59,5,802
beneficiary_2017.csv,Master Beneficiary Summary,128,PTD_PBP_ID_03,text or coded value,False,4534,2079,31.44,5,802
beneficiary_2017.csv,Master Beneficiary Summary,129,PTD_PBP_ID_04,text or coded value,False,4543,2070,31.3,5,802
beneficiary_2017.csv,Master Beneficiary Summary,130,PTD_PBP_ID_05,text or coded value,False,4551,2062,31.18,5,802
beneficiary_2017.csv,Master Beneficiary Summary,131,PTD_PBP_ID_06,text or coded value,False,4568,2045,30.92,5,802
beneficiary_2017.csv,Master Beneficiary Summary,132,PTD_PBP_ID_07,text or coded value,False,4597,2016,30.49,5,802
beneficiary_2017.csv,Master Beneficiary Summary,133,PTD_PBP_ID_08,text or coded value,False,4614,1999,30.23,5,802
beneficiary_2017.csv,Master Beneficiary Summary,134,PTD_PBP_ID_09,text or coded value,False,4634,1979,29.93,5,802
beneficiary_2017.csv,Master Beneficiary Summary,135,PTD_PBP_ID_10,text or coded value,False,4641,1972,29.82,5,802
beneficiary_2017.csv,Master Beneficiary Summary,136,PTD_PBP_ID_11,text or coded value,False,4643,1970,29.79,5,802
beneficiary_2017.csv,Master Beneficiary Summary,137,PTD_PBP_ID_12,text or coded value,False,4657,1956,29.58,5,802
beneficiary_2017.csv,Master Beneficiary Summary,138,PTD_SGMT_ID_01,text or coded value,False,4508,2105,31.83,1,000
beneficiary_2017.csv,Master Beneficiary Summary,139,PTD_SGMT_ID_02,text or coded value,False,4524,2089,31.59,1,000
beneficiary_2017.csv,Master Beneficiary Summary,140,PTD_SGMT_ID_03,text or coded value,False,4534,2079,31.44,1,000
beneficiary_2017.csv,Master Beneficiary Summary,141,PTD_SGMT_ID_04,text or coded value,False,4543,2070,31.3,1,000
beneficiary_2017.csv,Master Beneficiary Summary,142,PTD_SGMT_ID_05,text or coded value,False,4551,2062,31.18,1,000
beneficiary_2017.csv,Master Beneficiary Summary,143,PTD_SGMT_ID_06,text or coded value,False,4568,2045,30.92,1,000
beneficiary_2017.csv,Master Beneficiary Summary,144,PTD_SGMT_ID_07,text or coded value,False,4597,2016,30.49,1,000
beneficiary_2017.csv,Master Beneficiary Summary,145,PTD_SGMT_ID_08,text or coded value,False,4614,1999,30.23,1,000
beneficiary_2017.csv,Master Beneficiary Summary,146,PTD_SGMT_ID_09,text or coded value,False,4634,1979,29.93,1,000
beneficiary_2017.csv,Master Beneficiary Summary,147,PTD_SGMT_ID_10,text or coded value,False,4641,1972,29.82,1,000
beneficiary_2017.csv,Master Beneficiary Summary,148,PTD_SGMT_ID_11,text or coded value,False,4643,1970,29.79,1,000
beneficiary_2017.csv,Master Beneficiary Summary,149,PTD_SGMT_ID_12,text or coded value,False,4657,1956,29.58,1,000
beneficiary_2017.csv,Master Beneficiary Summary,150,RDS_IND_01,text or coded value,False,4725,1888,28.55,3,N
beneficiary_2017.csv,Master Beneficiary Summary,151,RDS_IND_02,text or coded value,False,4721,1892,28.61,3,N
beneficiary_2017.csv,Master Beneficiary Summary,152,RDS_IND_03,text or coded value,False,4707,1906,28.82,3,N
beneficiary_2017.csv,Master Beneficiary Summary,153,RDS_IND_04,text or coded value,False,4698,1915,28.96,3,N
beneficiary_2017.csv,Master Beneficiary Summary,154,RDS_IND_05,text or coded value,False,4688,1925,29.11,3,N
beneficiary_2017.csv,Master Beneficiary Summary,155,RDS_IND_06,text or coded value,False,4685,1928,29.15,3,N
beneficiary_2017.csv,Master Beneficiary Summary,156,RDS_IND_07,text or coded value,False,4688,1925,29.11,3,N
beneficiary_2017.csv,Master Beneficiary Summary,157,RDS_IND_08,text or coded value,False,4684,1929,29.17,3,N
beneficiary_2017.csv,Master Beneficiary Summary,158,RDS_IND_09,text or coded value,False,4687,1926,29.12,3,N
beneficiary_2017.csv,Master Beneficiary Summary,159,RDS_IND_10,text or coded value,False,4679,1934,29.25,3,N
beneficiary_2017.csv,Master Beneficiary Summary,160,RDS_IND_11,text or coded value,False,4664,1949,29.47,3,N
beneficiary_2017.csv,Master Beneficiary Summary,161,RDS_IND_12,text or coded value,False,4657,1956,29.58,2,N
beneficiary_2017.csv,Master Beneficiary Summary,162,DUAL_STUS_CD_01,text or coded value,False,6597,16,0.24,11,NA
beneficiary_2017.csv,Master Beneficiary Summary,163,DUAL_STUS_CD_02,text or coded value,False,6597,16,0.24,11,NA
beneficiary_2017.csv,Master Beneficiary Summary,164,DUAL_STUS_CD_03,text or coded value,False,6597,16,0.24,11,NA
beneficiary_2017.csv,Master Beneficiary Summary,165,DUAL_STUS_CD_04,text or coded value,False,6597,16,0.24,11,NA
beneficiary_2017.csv,Master Beneficiary Summary,166,DUAL_STUS_CD_05,text or coded value,False,6597,16,0.24,11,NA
beneficiary_2017.csv,Master Beneficiary Summary,167,DUAL_STUS_CD_06,text or coded value,False,6597,16,0.24,11,NA
beneficiary_2017.csv,Master Beneficiary Summary,168,DUAL_STUS_CD_07,text or coded value,False,6597,16,0.24,11,NA
beneficiary_2017.csv,Master Beneficiary Summary,169,DUAL_STUS_CD_08,text or coded value,False,6597,16,0.24,11,NA
beneficiary_2017.csv,Master Beneficiary Summary,170,DUAL_STUS_CD_09,text or coded value,False,6597,16,0.24,11,NA
beneficiary_2017.csv,Master Beneficiary Summary,171,DUAL_STUS_CD_10,text or coded value,False,6597,16,0.24,11,NA
beneficiary_2017.csv,Master Beneficiary Summary,172,DUAL_STUS_CD_11,text or coded value,False,6597,16,0.24,11,NA
beneficiary_2017.csv,Master Beneficiary Summary,173,DUAL_STUS_CD_12,text or coded value,False,6597,16,0.24,10,NA
beneficiary_2017.csv,Master Beneficiary Summary,174,CST_SHR_GRP_CD_01,text or coded value,False,6613,0,0.0,5,02
beneficiary_2017.csv,Master Beneficiary Summary,175,CST_SHR_GRP_CD_02,text or coded value,False,6613,0,0.0,5,02
beneficiary_2017.csv,Master Beneficiary Summary,176,CST_SHR_GRP_CD_03,text or coded value,False,6613,0,0.0,5,02
beneficiary_2017.csv,Master Beneficiary Summary,177,CST_SHR_GRP_CD_04,text or coded value,False,6613,0,0.0,5,02
beneficiary_2017.csv,Master Beneficiary Summary,178,CST_SHR_GRP_CD_05,text or coded value,False,6613,0,0.0,5,02
beneficiary_2017.csv,Master Beneficiary Summary,179,CST_SHR_GRP_CD_06,text or coded value,False,6613,0,0.0,5,02
beneficiary_2017.csv,Master Beneficiary Summary,180,CST_SHR_GRP_CD_07,text or coded value,False,6613,0,0.0,5,02
beneficiary_2017.csv,Master Beneficiary Summary,181,CST_SHR_GRP_CD_08,text or coded value,False,6613,0,0.0,5,02
beneficiary_2017.csv,Master Beneficiary Summary,182,CST_SHR_GRP_CD_09,text or coded value,False,6613,0,0.0,5,02
beneficiary_2017.csv,Master Beneficiary Summary,183,CST_SHR_GRP_CD_10,text or coded value,False,6613,0,0.0,5,02
beneficiary_2017.csv,Master Beneficiary Summary,184,CST_SHR_GRP_CD_11,text or coded value,False,6613,0,0.0,5,02
beneficiary_2017.csv,Master Beneficiary Summary,185,CST_SHR_GRP_CD_12,text or coded value,False,6613,0,0.0,5,02
beneficiary_2018.csv,Master Beneficiary Summary,1,BENE_ID,key,True,7002,0,0.0,7002,-10000010254618
beneficiary_2018.csv,Master Beneficiary Summary,2,STATE_CODE,dimension,True,7002,0,0.0,51,01
beneficiary_2018.csv,Master Beneficiary Summary,3,COUNTY_CD,dimension,True,7002,0,0.0,1480,1500
beneficiary_2018.csv,Master Beneficiary Summary,4,ZIP_CD,dimension,True,7002,0,0.0,4462,36109
beneficiary_2018.csv,Master Beneficiary Summary,5,BENE_BIRTH_DT,date,True,7002,0,0.0,6003,16-Aug-1999
beneficiary_2018.csv,Master Beneficiary Summary,6,SEX_IDENT_CD,dimension,True,7002,0,0.0,2,1
beneficiary_2018.csv,Master Beneficiary Summary,7,BENE_RACE_CD,dimension,True,7002,0,0.0,6,1
beneficiary_2018.csv,Master Beneficiary Summary,8,ENTLMT_RSN_ORIG,dimension,True,7002,0,0.0,4,1
beneficiary_2018.csv,Master Beneficiary Summary,9,ENTLMT_RSN_CURR,dimension,True,7002,0,0.0,4,1
beneficiary_2018.csv,Master Beneficiary Summary,10,ESRD_IND,dimension,True,7002,0,0.0,2,0
beneficiary_2018.csv,Master Beneficiary Summary,11,BENE_PTA_TRMNTN_CD,coded dimension,False,7002,0,0.0,1,0
beneficiary_2018.csv,Master Beneficiary Summary,12,BENE_PTB_TRMNTN_CD,coded dimension,False,7002,0,0.0,1,0
beneficiary_2018.csv,Master Beneficiary Summary,13,BENE_DEATH_DT,date,True,0,7002,100.0,0,
beneficiary_2018.csv,Master Beneficiary Summary,14,BENE_ENROLLMT_REF_YR,date,True,7002,0,0.0,1,2018
beneficiary_2018.csv,Master Beneficiary Summary,15,BENE_HI_CVRAGE_TOT_MONS,metric,True,7002,0,0.0,1,12
beneficiary_2018.csv,Master Beneficiary Summary,16,BENE_SMI_CVRAGE_TOT_MONS,metric,True,7002,0,0.0,1,12
beneficiary_2018.csv,Master Beneficiary Summary,17,BENE_STATE_BUYIN_TOT_MONS,text or coded value,False,7002,0,0.0,1,12
beneficiary_2018.csv,Master Beneficiary Summary,18,BENE_HMO_CVRAGE_TOT_MONS,metric,True,7002,0,0.0,1,0
beneficiary_2018.csv,Master Beneficiary Summary,19,RDS_CVRG_MONS,text or coded value,False,7002,0,0.0,4,0
beneficiary_2018.csv,Master Beneficiary Summary,20,ENRL_SRC,text or coded value,False,7002,0,0.0,1,CME
beneficiary_2018.csv,Master Beneficiary Summary,21,SAMPLE_GROUP,text or coded value,False,0,7002,100.0,0,
beneficiary_2018.csv,Master Beneficiary Summary,22,ENHANCED_FIVE_PERCENT_FLAG,text or coded value,False,7002,0,0.0,1, 
beneficiary_2018.csv,Master Beneficiary Summary,23,CRNT_BIC_CD,coded dimension,False,7002,0,0.0,22,A
beneficiary_2018.csv,Master Beneficiary Summary,24,AGE_AT_END_REF_YR,dimension,True,7002,0,0.0,107,19
beneficiary_2018.csv,Master Beneficiary Summary,25,COVSTART,text or coded value,False,7002,0,0.0,5070,08-Sep-1999
beneficiary_2018.csv,Master Beneficiary Summary,26,DUAL_ELGBL_MONS,metric,True,7002,0,0.0,1,0
beneficiary_2018.csv,Master Beneficiary Summary,27,STATE_CNTY_FIPS_CD_01,text or coded value,False,5951,1051,15.01,1358,1101
beneficiary_2018.csv,Master Beneficiary Summary,28,STATE_CNTY_FIPS_CD_02,text or coded value,False,5951,1051,15.01,1358,1101
beneficiary_2018.csv,Master Beneficiary Summary,29,STATE_CNTY_FIPS_CD_03,text or coded value,False,5951,1051,15.01,1358,1101
beneficiary_2018.csv,Master Beneficiary Summary,30,STATE_CNTY_FIPS_CD_04,text or coded value,False,5951,1051,15.01,1358,1101
beneficiary_2018.csv,Master Beneficiary Summary,31,STATE_CNTY_FIPS_CD_05,text or coded value,False,5951,1051,15.01,1358,1101
beneficiary_2018.csv,Master Beneficiary Summary,32,STATE_CNTY_FIPS_CD_06,text or coded value,False,5951,1051,15.01,1358,1101
beneficiary_2018.csv,Master Beneficiary Summary,33,STATE_CNTY_FIPS_CD_07,text or coded value,False,5951,1051,15.01,1358,1101
beneficiary_2018.csv,Master Beneficiary Summary,34,STATE_CNTY_FIPS_CD_08,text or coded value,False,5951,1051,15.01,1358,1101
beneficiary_2018.csv,Master Beneficiary Summary,35,STATE_CNTY_FIPS_CD_09,text or coded value,False,5951,1051,15.01,1358,1101
beneficiary_2018.csv,Master Beneficiary Summary,36,STATE_CNTY_FIPS_CD_10,text or coded value,False,5951,1051,15.01,1358,1101
beneficiary_2018.csv,Master Beneficiary Summary,37,STATE_CNTY_FIPS_CD_11,text or coded value,False,5951,1051,15.01,1358,1101
beneficiary_2018.csv,Master Beneficiary Summary,38,STATE_CNTY_FIPS_CD_12,text or coded value,False,5951,1051,15.01,1358,1101
beneficiary_2018.csv,Master Beneficiary Summary,39,VALID_DEATH_DT_SW,coded dimension,False,0,7002,100.0,0,
beneficiary_2018.csv,Master Beneficiary Summary,40,RTI_RACE_CD,dimension,True,7002,0,0.0,6,1
beneficiary_2018.csv,Master Beneficiary Summary,41,MDCR_STATUS_CODE_01,text or coded value,False,7002,0,0.0,5,20
beneficiary_2018.csv,Master Beneficiary Summary,42,MDCR_STATUS_CODE_02,text or coded value,False,7002,0,0.0,5,20
beneficiary_2018.csv,Master Beneficiary Summary,43,MDCR_STATUS_CODE_03,text or coded value,False,7002,0,0.0,5,20
beneficiary_2018.csv,Master Beneficiary Summary,44,MDCR_STATUS_CODE_04,text or coded value,False,7002,0,0.0,5,20
beneficiary_2018.csv,Master Beneficiary Summary,45,MDCR_STATUS_CODE_05,text or coded value,False,7002,0,0.0,5,20
beneficiary_2018.csv,Master Beneficiary Summary,46,MDCR_STATUS_CODE_06,text or coded value,False,7002,0,0.0,5,20
beneficiary_2018.csv,Master Beneficiary Summary,47,MDCR_STATUS_CODE_07,text or coded value,False,7002,0,0.0,5,20
beneficiary_2018.csv,Master Beneficiary Summary,48,MDCR_STATUS_CODE_08,text or coded value,False,7002,0,0.0,5,20
beneficiary_2018.csv,Master Beneficiary Summary,49,MDCR_STATUS_CODE_09,text or coded value,False,7002,0,0.0,5,20
beneficiary_2018.csv,Master Beneficiary Summary,50,MDCR_STATUS_CODE_10,text or coded value,False,7002,0,0.0,5,20
beneficiary_2018.csv,Master Beneficiary Summary,51,MDCR_STATUS_CODE_11,text or coded value,False,7002,0,0.0,5,20
beneficiary_2018.csv,Master Beneficiary Summary,52,MDCR_STATUS_CODE_12,text or coded value,False,7002,0,0.0,5,20
beneficiary_2018.csv,Master Beneficiary Summary,53,PTD_PLAN_CVRG_MONS,metric,True,7002,0,0.0,13,12
beneficiary_2018.csv,Master Beneficiary Summary,54,MDCR_ENTLMT_BUYIN_IND_01,text or coded value,False,7002,0,0.0,3,3
beneficiary_2018.csv,Master Beneficiary Summary,55,MDCR_ENTLMT_BUYIN_IND_02,text or coded value,False,7002,0,0.0,3,3
beneficiary_2018.csv,Master Beneficiary Summary,56,MDCR_ENTLMT_BUYIN_IND_03,text or coded value,False,7002,0,0.0,3,3
beneficiary_2018.csv,Master Beneficiary Summary,57,MDCR_ENTLMT_BUYIN_IND_04,text or coded value,False,7002,0,0.0,3,3
beneficiary_2018.csv,Master Beneficiary Summary,58,MDCR_ENTLMT_BUYIN_IND_05,text or coded value,False,7002,0,0.0,3,3
beneficiary_2018.csv,Master Beneficiary Summary,59,MDCR_ENTLMT_BUYIN_IND_06,text or coded value,False,7002,0,0.0,3,3
beneficiary_2018.csv,Master Beneficiary Summary,60,MDCR_ENTLMT_BUYIN_IND_07,text or coded value,False,7002,0,0.0,3,3
beneficiary_2018.csv,Master Beneficiary Summary,61,MDCR_ENTLMT_BUYIN_IND_08,text or coded value,False,7002,0,0.0,3,3
beneficiary_2018.csv,Master Beneficiary Summary,62,MDCR_ENTLMT_BUYIN_IND_09,text or coded value,False,7002,0,0.0,3,3
beneficiary_2018.csv,Master Beneficiary Summary,63,MDCR_ENTLMT_BUYIN_IND_10,text or coded value,False,7002,0,0.0,3,3
beneficiary_2018.csv,Master Beneficiary Summary,64,MDCR_ENTLMT_BUYIN_IND_11,text or coded value,False,7002,0,0.0,3,3
beneficiary_2018.csv,Master Beneficiary Summary,65,MDCR_ENTLMT_BUYIN_IND_12,text or coded value,False,7002,0,0.0,3,3
beneficiary_2018.csv,Master Beneficiary Summary,66,HMO_IND_01,text or coded value,False,0,7002,100.0,0,
beneficiary_2018.csv,Master Beneficiary Summary,67,HMO_IND_02,text or coded value,False,0,7002,100.0,0,
beneficiary_2018.csv,Master Beneficiary Summary,68,HMO_IND_03,text or coded value,False,0,7002,100.0,0,
beneficiary_2018.csv,Master Beneficiary Summary,69,HMO_IND_04,text or coded value,False,0,7002,100.0,0,
beneficiary_2018.csv,Master Beneficiary Summary,70,HMO_IND_05,text or coded value,False,0,7002,100.0,0,
beneficiary_2018.csv,Master Beneficiary Summary,71,HMO_IND_06,text or coded value,False,0,7002,100.0,0,
beneficiary_2018.csv,Master Beneficiary Summary,72,HMO_IND_07,text or coded value,False,0,7002,100.0,0,
beneficiary_2018.csv,Master Beneficiary Summary,73,HMO_IND_08,text or coded value,False,0,7002,100.0,0,
beneficiary_2018.csv,Master Beneficiary Summary,74,HMO_IND_09,text or coded value,False,0,7002,100.0,0,
beneficiary_2018.csv,Master Beneficiary Summary,75,HMO_IND_10,text or coded value,False,0,7002,100.0,0,
beneficiary_2018.csv,Master Beneficiary Summary,76,HMO_IND_11,text or coded value,False,0,7002,100.0,0,
beneficiary_2018.csv,Master Beneficiary Summary,77,HMO_IND_12,text or coded value,False,0,7002,100.0,0,
beneficiary_2018.csv,Master Beneficiary Summary,78,PTC_CNTRCT_ID_01,text or coded value,False,4067,2935,41.92,10,Y0004
beneficiary_2018.csv,Master Beneficiary Summary,79,PTC_CNTRCT_ID_02,text or coded value,False,4071,2931,41.86,10,Y0004
beneficiary_2018.csv,Master Beneficiary Summary,80,PTC_CNTRCT_ID_03,text or coded value,False,4066,2936,41.93,10,Y0004
beneficiary_2018.csv,Master Beneficiary Summary,81,PTC_CNTRCT_ID_04,text or coded value,False,4062,2940,41.99,10,Y0004
beneficiary_2018.csv,Master Beneficiary Summary,82,PTC_CNTRCT_ID_05,text or coded value,False,4065,2937,41.95,10,Y0004
beneficiary_2018.csv,Master Beneficiary Summary,83,PTC_CNTRCT_ID_06,text or coded value,False,4060,2942,42.02,10,Y0001
beneficiary_2018.csv,Master Beneficiary Summary,84,PTC_CNTRCT_ID_07,text or coded value,False,4054,2948,42.1,10,Y0001
beneficiary_2018.csv,Master Beneficiary Summary,85,PTC_CNTRCT_ID_08,text or coded value,False,4053,2949,42.12,10,Y0001
beneficiary_2018.csv,Master Beneficiary Summary,86,PTC_CNTRCT_ID_09,text or coded value,False,4049,2953,42.17,10,Y0001
beneficiary_2018.csv,Master Beneficiary Summary,87,PTC_CNTRCT_ID_10,text or coded value,False,4042,2960,42.27,10,Y0001
beneficiary_2018.csv,Master Beneficiary Summary,88,PTC_CNTRCT_ID_11,text or coded value,False,4039,2963,42.32,10,Y0001
beneficiary_2018.csv,Master Beneficiary Summary,89,PTC_CNTRCT_ID_12,text or coded value,False,4035,2967,42.37,10,Y0001
beneficiary_2018.csv,Master Beneficiary Summary,90,PTC_PBP_ID_01,text or coded value,False,4067,2935,41.92,5,802
beneficiary_2018.csv,Master Beneficiary Summary,91,PTC_PBP_ID_02,text or coded value,False,4071,2931,41.86,5,802
beneficiary_2018.csv,Master Beneficiary Summary,92,PTC_PBP_ID_03,text or coded value,False,4066,2936,41.93,5,802
beneficiary_2018.csv,Master Beneficiary Summary,93,PTC_PBP_ID_04,text or coded value,False,4062,2940,41.99,5,802
beneficiary_2018.csv,Master Beneficiary Summary,94,PTC_PBP_ID_05,text or coded value,False,4065,2937,41.95,5,802
beneficiary_2018.csv,Master Beneficiary Summary,95,PTC_PBP_ID_06,text or coded value,False,4060,2942,42.02,5,804
beneficiary_2018.csv,Master Beneficiary Summary,96,PTC_PBP_ID_07,text or coded value,False,4054,2948,42.1,5,804
beneficiary_2018.csv,Master Beneficiary Summary,97,PTC_PBP_ID_08,text or coded value,False,4053,2949,42.12,5,804
beneficiary_2018.csv,Master Beneficiary Summary,98,PTC_PBP_ID_09,text or coded value,False,4049,2953,42.17,5,804
beneficiary_2018.csv,Master Beneficiary Summary,99,PTC_PBP_ID_10,text or coded value,False,4042,2960,42.27,5,804
beneficiary_2018.csv,Master Beneficiary Summary,100,PTC_PBP_ID_11,text or coded value,False,4039,2963,42.32,5,804
beneficiary_2018.csv,Master Beneficiary Summary,101,PTC_PBP_ID_12,text or coded value,False,4035,2967,42.37,5,804
beneficiary_2018.csv,Master Beneficiary Summary,102,PTC_PLAN_TYPE_CD_01,text or coded value,False,0,7002,100.0,0,
beneficiary_2018.csv,Master Beneficiary Summary,103,PTC_PLAN_TYPE_CD_02,text or coded value,False,0,7002,100.0,0,
beneficiary_2018.csv,Master Beneficiary Summary,104,PTC_PLAN_TYPE_CD_03,text or coded value,False,0,7002,100.0,0,
beneficiary_2018.csv,Master Beneficiary Summary,105,PTC_PLAN_TYPE_CD_04,text or coded value,False,0,7002,100.0,0,
beneficiary_2018.csv,Master Beneficiary Summary,106,PTC_PLAN_TYPE_CD_05,text or coded value,False,0,7002,100.0,0,
beneficiary_2018.csv,Master Beneficiary Summary,107,PTC_PLAN_TYPE_CD_06,text or coded value,False,0,7002,100.0,0,
beneficiary_2018.csv,Master Beneficiary Summary,108,PTC_PLAN_TYPE_CD_07,text or coded value,False,0,7002,100.0,0,
beneficiary_2018.csv,Master Beneficiary Summary,109,PTC_PLAN_TYPE_CD_08,text or coded value,False,0,7002,100.0,0,
beneficiary_2018.csv,Master Beneficiary Summary,110,PTC_PLAN_TYPE_CD_09,text or coded value,False,0,7002,100.0,0,
beneficiary_2018.csv,Master Beneficiary Summary,111,PTC_PLAN_TYPE_CD_10,text or coded value,False,0,7002,100.0,0,
beneficiary_2018.csv,Master Beneficiary Summary,112,PTC_PLAN_TYPE_CD_11,text or coded value,False,0,7002,100.0,0,
beneficiary_2018.csv,Master Beneficiary Summary,113,PTC_PLAN_TYPE_CD_12,text or coded value,False,0,7002,100.0,0,
beneficiary_2018.csv,Master Beneficiary Summary,114,PTD_CNTRCT_ID_01,text or coded value,False,5032,1970,28.13,11,Z0005
beneficiary_2018.csv,Master Beneficiary Summary,115,PTD_CNTRCT_ID_02,text or coded value,False,5031,1971,28.15,11,Z0005
beneficiary_2018.csv,Master Beneficiary Summary,116,PTD_CNTRCT_ID_03,text or coded value,False,5025,1977,28.23,11,Z0005
beneficiary_2018.csv,Master Beneficiary Summary,117,PTD_CNTRCT_ID_04,text or coded value,False,5011,1991,28.43,11,Z0005
beneficiary_2018.csv,Master Beneficiary Summary,118,PTD_CNTRCT_ID_05,text or coded value,False,5007,1995,28.49,11,Z0005
beneficiary_2018.csv,Master Beneficiary Summary,119,PTD_CNTRCT_ID_06,text or coded value,False,4997,2005,28.63,11,Z0005
beneficiary_2018.csv,Master Beneficiary Summary,120,PTD_CNTRCT_ID_07,text or coded value,False,4986,2016,28.79,11,Z0005
beneficiary_2018.csv,Master Beneficiary Summary,121,PTD_CNTRCT_ID_08,text or coded value,False,4978,2024,28.91,11,Z0005
beneficiary_2018.csv,Master Beneficiary Summary,122,PTD_CNTRCT_ID_09,text or coded value,False,4970,2032,29.02,11,Z0005
beneficiary_2018.csv,Master Beneficiary Summary,123,PTD_CNTRCT_ID_10,text or coded value,False,4965,2037,29.09,11,Z0005
beneficiary_2018.csv,Master Beneficiary Summary,124,PTD_CNTRCT_ID_11,text or coded value,False,4951,2051,29.29,11,Z0005
beneficiary_2018.csv,Master Beneficiary Summary,125,PTD_CNTRCT_ID_12,text or coded value,False,4945,2057,29.38,10,Z0005
beneficiary_2018.csv,Master Beneficiary Summary,126,PTD_PBP_ID_01,text or coded value,False,4742,2260,32.28,5,802
beneficiary_2018.csv,Master Beneficiary Summary,127,PTD_PBP_ID_02,text or coded value,False,4757,2245,32.06,5,802
beneficiary_2018.csv,Master Beneficiary Summary,128,PTD_PBP_ID_03,text or coded value,False,4772,2230,31.85,5,802
beneficiary_2018.csv,Master Beneficiary Summary,129,PTD_PBP_ID_04,text or coded value,False,4780,2222,31.73,5,802
beneficiary_2018.csv,Master Beneficiary Summary,130,PTD_PBP_ID_05,text or coded value,False,4805,2197,31.38,5,802
beneficiary_2018.csv,Master Beneficiary Summary,131,PTD_PBP_ID_06,text or coded value,False,4832,2170,30.99,5,802
beneficiary_2018.csv,Master Beneficiary Summary,132,PTD_PBP_ID_07,text or coded value,False,4852,2150,30.71,5,802
beneficiary_2018.csv,Master Beneficiary Summary,133,PTD_PBP_ID_08,text or coded value,False,4868,2134,30.48,5,802
beneficiary_2018.csv,Master Beneficiary Summary,134,PTD_PBP_ID_09,text or coded value,False,4891,2111,30.15,5,802
beneficiary_2018.csv,Master Beneficiary Summary,135,PTD_PBP_ID_10,text or coded value,False,4907,2095,29.92,5,802
beneficiary_2018.csv,Master Beneficiary Summary,136,PTD_PBP_ID_11,text or coded value,False,4927,2075,29.63,5,802
beneficiary_2018.csv,Master Beneficiary Summary,137,PTD_PBP_ID_12,text or coded value,False,4945,2057,29.38,5,802
beneficiary_2018.csv,Master Beneficiary Summary,138,PTD_SGMT_ID_01,text or coded value,False,4742,2260,32.28,1,000
beneficiary_2018.csv,Master Beneficiary Summary,139,PTD_SGMT_ID_02,text or coded value,False,4757,2245,32.06,1,000
beneficiary_2018.csv,Master Beneficiary Summary,140,PTD_SGMT_ID_03,text or coded value,False,4772,2230,31.85,1,000
beneficiary_2018.csv,Master Beneficiary Summary,141,PTD_SGMT_ID_04,text or coded value,False,4780,2222,31.73,1,000
beneficiary_2018.csv,Master Beneficiary Summary,142,PTD_SGMT_ID_05,text or coded value,False,4805,2197,31.38,1,000
beneficiary_2018.csv,Master Beneficiary Summary,143,PTD_SGMT_ID_06,text or coded value,False,4832,2170,30.99,1,000
beneficiary_2018.csv,Master Beneficiary Summary,144,PTD_SGMT_ID_07,text or coded value,False,4852,2150,30.71,1,000
beneficiary_2018.csv,Master Beneficiary Summary,145,PTD_SGMT_ID_08,text or coded value,False,4868,2134,30.48,1,000
beneficiary_2018.csv,Master Beneficiary Summary,146,PTD_SGMT_ID_09,text or coded value,False,4891,2111,30.15,1,000
beneficiary_2018.csv,Master Beneficiary Summary,147,PTD_SGMT_ID_10,text or coded value,False,4907,2095,29.92,1,000
beneficiary_2018.csv,Master Beneficiary Summary,148,PTD_SGMT_ID_11,text or coded value,False,4927,2075,29.63,1,000
beneficiary_2018.csv,Master Beneficiary Summary,149,PTD_SGMT_ID_12,text or coded value,False,4945,2057,29.38,1,000
beneficiary_2018.csv,Master Beneficiary Summary,150,RDS_IND_01,text or coded value,False,5032,1970,28.13,3,N
beneficiary_2018.csv,Master Beneficiary Summary,151,RDS_IND_02,text or coded value,False,5031,1971,28.15,3,N
beneficiary_2018.csv,Master Beneficiary Summary,152,RDS_IND_03,text or coded value,False,5025,1977,28.23,3,N
beneficiary_2018.csv,Master Beneficiary Summary,153,RDS_IND_04,text or coded value,False,5011,1991,28.43,3,N
beneficiary_2018.csv,Master Beneficiary Summary,154,RDS_IND_05,text or coded value,False,5007,1995,28.49,3,N
beneficiary_2018.csv,Master Beneficiary Summary,155,RDS_IND_06,text or coded value,False,4997,2005,28.63,3,N
beneficiary_2018.csv,Master Beneficiary Summary,156,RDS_IND_07,text or coded value,False,4986,2016,28.79,3,N
beneficiary_2018.csv,Master Beneficiary Summary,157,RDS_IND_08,text or coded value,False,4978,2024,28.91,3,N
beneficiary_2018.csv,Master Beneficiary Summary,158,RDS_IND_09,text or coded value,False,4970,2032,29.02,3,N
beneficiary_2018.csv,Master Beneficiary Summary,159,RDS_IND_10,text or coded value,False,4965,2037,29.09,3,N
beneficiary_2018.csv,Master Beneficiary Summary,160,RDS_IND_11,text or coded value,False,4951,2051,29.29,3,N
beneficiary_2018.csv,Master Beneficiary Summary,161,RDS_IND_12,text or coded value,False,4945,2057,29.38,2,N
beneficiary_2018.csv,Master Beneficiary Summary,162,DUAL_STUS_CD_01,text or coded value,False,6988,14,0.2,10,NA
beneficiary_2018.csv,Master Beneficiary Summary,163,DUAL_STUS_CD_02,text or coded value,False,6988,14,0.2,10,NA
beneficiary_2018.csv,Master Beneficiary Summary,164,DUAL_STUS_CD_03,text or coded value,False,6988,14,0.2,10,NA
beneficiary_2018.csv,Master Beneficiary Summary,165,DUAL_STUS_CD_04,text or coded value,False,6988,14,0.2,10,NA
beneficiary_2018.csv,Master Beneficiary Summary,166,DUAL_STUS_CD_05,text or coded value,False,6987,15,0.21,10,NA
beneficiary_2018.csv,Master Beneficiary Summary,167,DUAL_STUS_CD_06,text or coded value,False,6987,15,0.21,10,NA
beneficiary_2018.csv,Master Beneficiary Summary,168,DUAL_STUS_CD_07,text or coded value,False,6987,15,0.21,10,NA
beneficiary_2018.csv,Master Beneficiary Summary,169,DUAL_STUS_CD_08,text or coded value,False,6987,15,0.21,10,NA
beneficiary_2018.csv,Master Beneficiary Summary,170,DUAL_STUS_CD_09,text or coded value,False,6987,15,0.21,10,NA
beneficiary_2018.csv,Master Beneficiary Summary,171,DUAL_STUS_CD_10,text or coded value,False,6987,15,0.21,10,NA
beneficiary_2018.csv,Master Beneficiary Summary,172,DUAL_STUS_CD_11,text or coded value,False,6987,15,0.21,10,NA
beneficiary_2018.csv,Master Beneficiary Summary,173,DUAL_STUS_CD_12,text or coded value,False,6987,15,0.21,9,NA
beneficiary_2018.csv,Master Beneficiary Summary,174,CST_SHR_GRP_CD_01,text or coded value,False,7002,0,0.0,5,02
beneficiary_2018.csv,Master Beneficiary Summary,175,CST_SHR_GRP_CD_02,text or coded value,False,7002,0,0.0,5,02
beneficiary_2018.csv,Master Beneficiary Summary,176,CST_SHR_GRP_CD_03,text or coded value,False,7002,0,0.0,5,02
beneficiary_2018.csv,Master Beneficiary Summary,177,CST_SHR_GRP_CD_04,text or coded value,False,7002,0,0.0,5,02
beneficiary_2018.csv,Master Beneficiary Summary,178,CST_SHR_GRP_CD_05,text or coded value,False,7002,0,0.0,5,02
beneficiary_2018.csv,Master Beneficiary Summary,179,CST_SHR_GRP_CD_06,text or coded value,False,7002,0,0.0,5,02
beneficiary_2018.csv,Master Beneficiary Summary,180,CST_SHR_GRP_CD_07,text or coded value,False,7002,0,0.0,5,02
beneficiary_2018.csv,Master Beneficiary Summary,181,CST_SHR_GRP_CD_08,text or coded value,False,7002,0,0.0,5,02
beneficiary_2018.csv,Master Beneficiary Summary,182,CST_SHR_GRP_CD_09,text or coded value,False,7002,0,0.0,5,02
beneficiary_2018.csv,Master Beneficiary Summary,183,CST_SHR_GRP_CD_10,text or coded value,False,7002,0,0.0,5,02
beneficiary_2018.csv,Master Beneficiary Summary,184,CST_SHR_GRP_CD_11,text or coded value,False,7002,0,0.0,5,02
beneficiary_2018.csv,Master Beneficiary Summary,185,CST_SHR_GRP_CD_12,text or coded value,False,7002,0,0.0,5,02
beneficiary_2019.csv,Master Beneficiary Summary,1,BENE_ID,key,True,7446,0,0.0,7446,-10000010254618
beneficiary_2019.csv,Master Beneficiary Summary,2,STATE_CODE,dimension,True,7446,0,0.0,51,01
beneficiary_2019.csv,Master Beneficiary Summary,3,COUNTY_CD,dimension,True,7446,0,0.0,1524,1500
beneficiary_2019.csv,Master Beneficiary Summary,4,ZIP_CD,dimension,True,7446,0,0.0,4682,36109
beneficiary_2019.csv,Master Beneficiary Summary,5,BENE_BIRTH_DT,date,True,7446,0,0.0,6305,16-Aug-1999
beneficiary_2019.csv,Master Beneficiary Summary,6,SEX_IDENT_CD,dimension,True,7446,0,0.0,2,1
beneficiary_2019.csv,Master Beneficiary Summary,7,BENE_RACE_CD,dimension,True,7446,0,0.0,6,1
beneficiary_2019.csv,Master Beneficiary Summary,8,ENTLMT_RSN_ORIG,dimension,True,7446,0,0.0,4,1
beneficiary_2019.csv,Master Beneficiary Summary,9,ENTLMT_RSN_CURR,dimension,True,7446,0,0.0,4,1
beneficiary_2019.csv,Master Beneficiary Summary,10,ESRD_IND,dimension,True,7446,0,0.0,2,0
beneficiary_2019.csv,Master Beneficiary Summary,11,BENE_PTA_TRMNTN_CD,coded dimension,False,7446,0,0.0,1,0
beneficiary_2019.csv,Master Beneficiary Summary,12,BENE_PTB_TRMNTN_CD,coded dimension,False,7446,0,0.0,1,0
beneficiary_2019.csv,Master Beneficiary Summary,13,BENE_DEATH_DT,date,True,0,7446,100.0,0,
beneficiary_2019.csv,Master Beneficiary Summary,14,BENE_ENROLLMT_REF_YR,date,True,7446,0,0.0,1,2019
beneficiary_2019.csv,Master Beneficiary Summary,15,BENE_HI_CVRAGE_TOT_MONS,metric,True,7446,0,0.0,1,12
beneficiary_2019.csv,Master Beneficiary Summary,16,BENE_SMI_CVRAGE_TOT_MONS,metric,True,7446,0,0.0,1,12
beneficiary_2019.csv,Master Beneficiary Summary,17,BENE_STATE_BUYIN_TOT_MONS,text or coded value,False,7446,0,0.0,1,12
beneficiary_2019.csv,Master Beneficiary Summary,18,BENE_HMO_CVRAGE_TOT_MONS,metric,True,7446,0,0.0,1,0
beneficiary_2019.csv,Master Beneficiary Summary,19,RDS_CVRG_MONS,text or coded value,False,7446,0,0.0,4,0
beneficiary_2019.csv,Master Beneficiary Summary,20,ENRL_SRC,text or coded value,False,7446,0,0.0,1,CME
beneficiary_2019.csv,Master Beneficiary Summary,21,SAMPLE_GROUP,text or coded value,False,0,7446,100.0,0,
beneficiary_2019.csv,Master Beneficiary Summary,22,ENHANCED_FIVE_PERCENT_FLAG,text or coded value,False,7446,0,0.0,1, 
beneficiary_2019.csv,Master Beneficiary Summary,23,CRNT_BIC_CD,coded dimension,False,7446,0,0.0,22,A
beneficiary_2019.csv,Master Beneficiary Summary,24,AGE_AT_END_REF_YR,dimension,True,7446,0,0.0,108,20
beneficiary_2019.csv,Master Beneficiary Summary,25,COVSTART,text or coded value,False,7446,0,0.0,5322,08-Sep-1999
beneficiary_2019.csv,Master Beneficiary Summary,26,DUAL_ELGBL_MONS,metric,True,7446,0,0.0,1,0
beneficiary_2019.csv,Master Beneficiary Summary,27,STATE_CNTY_FIPS_CD_01,text or coded value,False,6330,1116,14.99,1402,1101
beneficiary_2019.csv,Master Beneficiary Summary,28,STATE_CNTY_FIPS_CD_02,text or coded value,False,6330,1116,14.99,1402,1101
beneficiary_2019.csv,Master Beneficiary Summary,29,STATE_CNTY_FIPS_CD_03,text or coded value,False,6330,1116,14.99,1402,1101
beneficiary_2019.csv,Master Beneficiary Summary,30,STATE_CNTY_FIPS_CD_04,text or coded value,False,6330,1116,14.99,1402,1101
beneficiary_2019.csv,Master Beneficiary Summary,31,STATE_CNTY_FIPS_CD_05,text or coded value,False,6330,1116,14.99,1402,1101
beneficiary_2019.csv,Master Beneficiary Summary,32,STATE_CNTY_FIPS_CD_06,text or coded value,False,6330,1116,14.99,1402,1101
beneficiary_2019.csv,Master Beneficiary Summary,33,STATE_CNTY_FIPS_CD_07,text or coded value,False,6330,1116,14.99,1402,1101
beneficiary_2019.csv,Master Beneficiary Summary,34,STATE_CNTY_FIPS_CD_08,text or coded value,False,6330,1116,14.99,1402,1101
beneficiary_2019.csv,Master Beneficiary Summary,35,STATE_CNTY_FIPS_CD_09,text or coded value,False,6330,1116,14.99,1402,1101
beneficiary_2019.csv,Master Beneficiary Summary,36,STATE_CNTY_FIPS_CD_10,text or coded value,False,6330,1116,14.99,1402,1101
beneficiary_2019.csv,Master Beneficiary Summary,37,STATE_CNTY_FIPS_CD_11,text or coded value,False,6330,1116,14.99,1402,1101
beneficiary_2019.csv,Master Beneficiary Summary,38,STATE_CNTY_FIPS_CD_12,text or coded value,False,6330,1116,14.99,1402,1101
beneficiary_2019.csv,Master Beneficiary Summary,39,VALID_DEATH_DT_SW,coded dimension,False,0,7446,100.0,0,
beneficiary_2019.csv,Master Beneficiary Summary,40,RTI_RACE_CD,dimension,True,7446,0,0.0,6,1
beneficiary_2019.csv,Master Beneficiary Summary,41,MDCR_STATUS_CODE_01,text or coded value,False,7446,0,0.0,5,20
beneficiary_2019.csv,Master Beneficiary Summary,42,MDCR_STATUS_CODE_02,text or coded value,False,7446,0,0.0,5,20
beneficiary_2019.csv,Master Beneficiary Summary,43,MDCR_STATUS_CODE_03,text or coded value,False,7446,0,0.0,5,20
beneficiary_2019.csv,Master Beneficiary Summary,44,MDCR_STATUS_CODE_04,text or coded value,False,7446,0,0.0,5,20
beneficiary_2019.csv,Master Beneficiary Summary,45,MDCR_STATUS_CODE_05,text or coded value,False,7446,0,0.0,5,20
beneficiary_2019.csv,Master Beneficiary Summary,46,MDCR_STATUS_CODE_06,text or coded value,False,7446,0,0.0,5,20
beneficiary_2019.csv,Master Beneficiary Summary,47,MDCR_STATUS_CODE_07,text or coded value,False,7446,0,0.0,5,20
beneficiary_2019.csv,Master Beneficiary Summary,48,MDCR_STATUS_CODE_08,text or coded value,False,7446,0,0.0,5,20
beneficiary_2019.csv,Master Beneficiary Summary,49,MDCR_STATUS_CODE_09,text or coded value,False,7446,0,0.0,5,20
beneficiary_2019.csv,Master Beneficiary Summary,50,MDCR_STATUS_CODE_10,text or coded value,False,7446,0,0.0,5,20
beneficiary_2019.csv,Master Beneficiary Summary,51,MDCR_STATUS_CODE_11,text or coded value,False,7446,0,0.0,5,20
beneficiary_2019.csv,Master Beneficiary Summary,52,MDCR_STATUS_CODE_12,text or coded value,False,7446,0,0.0,5,20
beneficiary_2019.csv,Master Beneficiary Summary,53,PTD_PLAN_CVRG_MONS,metric,True,7446,0,0.0,13,12
beneficiary_2019.csv,Master Beneficiary Summary,54,MDCR_ENTLMT_BUYIN_IND_01,text or coded value,False,7446,0,0.0,3,3
beneficiary_2019.csv,Master Beneficiary Summary,55,MDCR_ENTLMT_BUYIN_IND_02,text or coded value,False,7446,0,0.0,3,3
beneficiary_2019.csv,Master Beneficiary Summary,56,MDCR_ENTLMT_BUYIN_IND_03,text or coded value,False,7446,0,0.0,3,3
beneficiary_2019.csv,Master Beneficiary Summary,57,MDCR_ENTLMT_BUYIN_IND_04,text or coded value,False,7446,0,0.0,3,3
beneficiary_2019.csv,Master Beneficiary Summary,58,MDCR_ENTLMT_BUYIN_IND_05,text or coded value,False,7446,0,0.0,3,3
beneficiary_2019.csv,Master Beneficiary Summary,59,MDCR_ENTLMT_BUYIN_IND_06,text or coded value,False,7446,0,0.0,3,3
beneficiary_2019.csv,Master Beneficiary Summary,60,MDCR_ENTLMT_BUYIN_IND_07,text or coded value,False,7446,0,0.0,3,3
beneficiary_2019.csv,Master Beneficiary Summary,61,MDCR_ENTLMT_BUYIN_IND_08,text or coded value,False,7446,0,0.0,3,3
beneficiary_2019.csv,Master Beneficiary Summary,62,MDCR_ENTLMT_BUYIN_IND_09,text or coded value,False,7446,0,0.0,3,3
beneficiary_2019.csv,Master Beneficiary Summary,63,MDCR_ENTLMT_BUYIN_IND_10,text or coded value,False,7446,0,0.0,3,3
beneficiary_2019.csv,Master Beneficiary Summary,64,MDCR_ENTLMT_BUYIN_IND_11,text or coded value,False,7446,0,0.0,3,3
beneficiary_2019.csv,Master Beneficiary Summary,65,MDCR_ENTLMT_BUYIN_IND_12,text or coded value,False,7446,0,0.0,3,3
beneficiary_2019.csv,Master Beneficiary Summary,66,HMO_IND_01,text or coded value,False,0,7446,100.0,0,
beneficiary_2019.csv,Master Beneficiary Summary,67,HMO_IND_02,text or coded value,False,0,7446,100.0,0,
beneficiary_2019.csv,Master Beneficiary Summary,68,HMO_IND_03,text or coded value,False,0,7446,100.0,0,
beneficiary_2019.csv,Master Beneficiary Summary,69,HMO_IND_04,text or coded value,False,0,7446,100.0,0,
beneficiary_2019.csv,Master Beneficiary Summary,70,HMO_IND_05,text or coded value,False,0,7446,100.0,0,
beneficiary_2019.csv,Master Beneficiary Summary,71,HMO_IND_06,text or coded value,False,0,7446,100.0,0,
beneficiary_2019.csv,Master Beneficiary Summary,72,HMO_IND_07,text or coded value,False,0,7446,100.0,0,
beneficiary_2019.csv,Master Beneficiary Summary,73,HMO_IND_08,text or coded value,False,0,7446,100.0,0,
beneficiary_2019.csv,Master Beneficiary Summary,74,HMO_IND_09,text or coded value,False,0,7446,100.0,0,
beneficiary_2019.csv,Master Beneficiary Summary,75,HMO_IND_10,text or coded value,False,0,7446,100.0,0,
beneficiary_2019.csv,Master Beneficiary Summary,76,HMO_IND_11,text or coded value,False,0,7446,100.0,0,
beneficiary_2019.csv,Master Beneficiary Summary,77,HMO_IND_12,text or coded value,False,0,7446,100.0,0,
beneficiary_2019.csv,Master Beneficiary Summary,78,PTC_CNTRCT_ID_01,text or coded value,False,4320,3126,41.98,10,Y0001
beneficiary_2019.csv,Master Beneficiary Summary,79,PTC_CNTRCT_ID_02,text or coded value,False,4328,3118,41.87,10,Y0001
beneficiary_2019.csv,Master Beneficiary Summary,80,PTC_CNTRCT_ID_03,text or coded value,False,4323,3123,41.94,10,Y0001
beneficiary_2019.csv,Master Beneficiary Summary,81,PTC_CNTRCT_ID_04,text or coded value,False,4320,3126,41.98,10,Y0001
beneficiary_2019.csv,Master Beneficiary Summary,82,PTC_CNTRCT_ID_05,text or coded value,False,4325,3121,41.92,10,Y0001
beneficiary_2019.csv,Master Beneficiary Summary,83,PTC_CNTRCT_ID_06,text or coded value,False,4338,3108,41.74,10,Y0001
beneficiary_2019.csv,Master Beneficiary Summary,84,PTC_CNTRCT_ID_07,text or coded value,False,4343,3103,41.67,10,Y0001
beneficiary_2019.csv,Master Beneficiary Summary,85,PTC_CNTRCT_ID_08,text or coded value,False,4339,3107,41.73,10,Y0001
beneficiary_2019.csv,Master Beneficiary Summary,86,PTC_CNTRCT_ID_09,text or coded value,False,4347,3099,41.62,10,Y0001
beneficiary_2019.csv,Master Beneficiary Summary,87,PTC_CNTRCT_ID_10,text or coded value,False,4346,3100,41.63,10,Y0001
beneficiary_2019.csv,Master Beneficiary Summary,88,PTC_CNTRCT_ID_11,text or coded value,False,4347,3099,41.62,10,Y0001
beneficiary_2019.csv,Master Beneficiary Summary,89,PTC_CNTRCT_ID_12,text or coded value,False,4347,3099,41.62,10,Y0001
beneficiary_2019.csv,Master Beneficiary Summary,90,PTC_PBP_ID_01,text or coded value,False,4320,3126,41.98,5,804
beneficiary_2019.csv,Master Beneficiary Summary,91,PTC_PBP_ID_02,text or coded value,False,4328,3118,41.87,5,804
beneficiary_2019.csv,Master Beneficiary Summary,92,PTC_PBP_ID_03,text or coded value,False,4323,3123,41.94,5,804
beneficiary_2019.csv,Master Beneficiary Summary,93,PTC_PBP_ID_04,text or coded value,False,4320,3126,41.98,5,804
beneficiary_2019.csv,Master Beneficiary Summary,94,PTC_PBP_ID_05,text or coded value,False,4325,3121,41.92,5,804
beneficiary_2019.csv,Master Beneficiary Summary,95,PTC_PBP_ID_06,text or coded value,False,4338,3108,41.74,5,804
beneficiary_2019.csv,Master Beneficiary Summary,96,PTC_PBP_ID_07,text or coded value,False,4343,3103,41.67,5,804
beneficiary_2019.csv,Master Beneficiary Summary,97,PTC_PBP_ID_08,text or coded value,False,4339,3107,41.73,5,804
beneficiary_2019.csv,Master Beneficiary Summary,98,PTC_PBP_ID_09,text or coded value,False,4347,3099,41.62,5,804
beneficiary_2019.csv,Master Beneficiary Summary,99,PTC_PBP_ID_10,text or coded value,False,4346,3100,41.63,5,804
beneficiary_2019.csv,Master Beneficiary Summary,100,PTC_PBP_ID_11,text or coded value,False,4347,3099,41.62,5,804
beneficiary_2019.csv,Master Beneficiary Summary,101,PTC_PBP_ID_12,text or coded value,False,4347,3099,41.62,5,804
beneficiary_2019.csv,Master Beneficiary Summary,102,PTC_PLAN_TYPE_CD_01,text or coded value,False,0,7446,100.0,0,
beneficiary_2019.csv,Master Beneficiary Summary,103,PTC_PLAN_TYPE_CD_02,text or coded value,False,0,7446,100.0,0,
beneficiary_2019.csv,Master Beneficiary Summary,104,PTC_PLAN_TYPE_CD_03,text or coded value,False,0,7446,100.0,0,
beneficiary_2019.csv,Master Beneficiary Summary,105,PTC_PLAN_TYPE_CD_04,text or coded value,False,0,7446,100.0,0,
beneficiary_2019.csv,Master Beneficiary Summary,106,PTC_PLAN_TYPE_CD_05,text or coded value,False,0,7446,100.0,0,
beneficiary_2019.csv,Master Beneficiary Summary,107,PTC_PLAN_TYPE_CD_06,text or coded value,False,0,7446,100.0,0,
beneficiary_2019.csv,Master Beneficiary Summary,108,PTC_PLAN_TYPE_CD_07,text or coded value,False,0,7446,100.0,0,
beneficiary_2019.csv,Master Beneficiary Summary,109,PTC_PLAN_TYPE_CD_08,text or coded value,False,0,7446,100.0,0,
beneficiary_2019.csv,Master Beneficiary Summary,110,PTC_PLAN_TYPE_CD_09,text or coded value,False,0,7446,100.0,0,
beneficiary_2019.csv,Master Beneficiary Summary,111,PTC_PLAN_TYPE_CD_10,text or coded value,False,0,7446,100.0,0,
beneficiary_2019.csv,Master Beneficiary Summary,112,PTC_PLAN_TYPE_CD_11,text or coded value,False,0,7446,100.0,0,
beneficiary_2019.csv,Master Beneficiary Summary,113,PTC_PLAN_TYPE_CD_12,text or coded value,False,0,7446,100.0,0,
beneficiary_2019.csv,Master Beneficiary Summary,114,PTD_CNTRCT_ID_01,text or coded value,False,5340,2106,28.28,11,Z0005
beneficiary_2019.csv,Master Beneficiary Summary,115,PTD_CNTRCT_ID_02,text or coded value,False,5328,2118,28.44,11,Z0005
beneficiary_2019.csv,Master Beneficiary Summary,116,PTD_CNTRCT_ID_03,text or coded value,False,5316,2130,28.61,11,Z0005
beneficiary_2019.csv,Master Beneficiary Summary,117,PTD_CNTRCT_ID_04,text or coded value,False,5299,2147,28.83,11,Z0005
beneficiary_2019.csv,Master Beneficiary Summary,118,PTD_CNTRCT_ID_05,text or coded value,False,5297,2149,28.86,11,Z0005
beneficiary_2019.csv,Master Beneficiary Summary,119,PTD_CNTRCT_ID_06,text or coded value,False,5281,2165,29.08,11,Z0005
beneficiary_2019.csv,Master Beneficiary Summary,120,PTD_CNTRCT_ID_07,text or coded value,False,5270,2176,29.22,11,Z0005
beneficiary_2019.csv,Master Beneficiary Summary,121,PTD_CNTRCT_ID_08,text or coded value,False,5270,2176,29.22,11,Z0005
beneficiary_2019.csv,Master Beneficiary Summary,122,PTD_CNTRCT_ID_09,text or coded value,False,5269,2177,29.24,11,Z0005
beneficiary_2019.csv,Master Beneficiary Summary,123,PTD_CNTRCT_ID_10,text or coded value,False,5254,2192,29.44,11,Z0005
beneficiary_2019.csv,Master Beneficiary Summary,124,PTD_CNTRCT_ID_11,text or coded value,False,5241,2205,29.61,11,Z0005
beneficiary_2019.csv,Master Beneficiary Summary,125,PTD_CNTRCT_ID_12,text or coded value,False,5235,2211,29.69,10,Z0005
beneficiary_2019.csv,Master Beneficiary Summary,126,PTD_PBP_ID_01,text or coded value,False,5028,2418,32.47,5,802
beneficiary_2019.csv,Master Beneficiary Summary,127,PTD_PBP_ID_02,text or coded value,False,5040,2406,32.31,5,802
beneficiary_2019.csv,Master Beneficiary Summary,128,PTD_PBP_ID_03,text or coded value,False,5053,2393,32.14,5,802
beneficiary_2019.csv,Master Beneficiary Summary,129,PTD_PBP_ID_04,text or coded value,False,5074,2372,31.86,5,802
beneficiary_2019.csv,Master Beneficiary Summary,130,PTD_PBP_ID_05,text or coded value,False,5096,2350,31.56,5,802
beneficiary_2019.csv,Master Beneficiary Summary,131,PTD_PBP_ID_06,text or coded value,False,5104,2342,31.45,5,802
beneficiary_2019.csv,Master Beneficiary Summary,132,PTD_PBP_ID_07,text or coded value,False,5125,2321,31.17,5,802
beneficiary_2019.csv,Master Beneficiary Summary,133,PTD_PBP_ID_08,text or coded value,False,5160,2286,30.7,5,802
beneficiary_2019.csv,Master Beneficiary Summary,134,PTD_PBP_ID_09,text or coded value,False,5191,2255,30.28,5,802
beneficiary_2019.csv,Master Beneficiary Summary,135,PTD_PBP_ID_10,text or coded value,False,5205,2241,30.1,5,802
beneficiary_2019.csv,Master Beneficiary Summary,136,PTD_PBP_ID_11,text or coded value,False,5213,2233,29.99,5,802
beneficiary_2019.csv,Master Beneficiary Summary,137,PTD_PBP_ID_12,text or coded value,False,5235,2211,29.69,5,802
beneficiary_2019.csv,Master Beneficiary Summary,138,PTD_SGMT_ID_01,text or coded value,False,5028,2418,32.47,1,000
beneficiary_2019.csv,Master Beneficiary Summary,139,PTD_SGMT_ID_02,text or coded value,False,5040,2406,32.31,1,000
beneficiary_2019.csv,Master Beneficiary Summary,140,PTD_SGMT_ID_03,text or coded value,False,5053,2393,32.14,1,000
beneficiary_2019.csv,Master Beneficiary Summary,141,PTD_SGMT_ID_04,text or coded value,False,5074,2372,31.86,1,000
beneficiary_2019.csv,Master Beneficiary Summary,142,PTD_SGMT_ID_05,text or coded value,False,5096,2350,31.56,1,000
beneficiary_2019.csv,Master Beneficiary Summary,143,PTD_SGMT_ID_06,text or coded value,False,5104,2342,31.45,1,000
beneficiary_2019.csv,Master Beneficiary Summary,144,PTD_SGMT_ID_07,text or coded value,False,5125,2321,31.17,1,000
beneficiary_2019.csv,Master Beneficiary Summary,145,PTD_SGMT_ID_08,text or coded value,False,5160,2286,30.7,1,000
beneficiary_2019.csv,Master Beneficiary Summary,146,PTD_SGMT_ID_09,text or coded value,False,5191,2255,30.28,1,000
beneficiary_2019.csv,Master Beneficiary Summary,147,PTD_SGMT_ID_10,text or coded value,False,5205,2241,30.1,1,000
beneficiary_2019.csv,Master Beneficiary Summary,148,PTD_SGMT_ID_11,text or coded value,False,5213,2233,29.99,1,000
beneficiary_2019.csv,Master Beneficiary Summary,149,PTD_SGMT_ID_12,text or coded value,False,5235,2211,29.69,1,000
beneficiary_2019.csv,Master Beneficiary Summary,150,RDS_IND_01,text or coded value,False,5340,2106,28.28,3,N
beneficiary_2019.csv,Master Beneficiary Summary,151,RDS_IND_02,text or coded value,False,5328,2118,28.44,3,N
beneficiary_2019.csv,Master Beneficiary Summary,152,RDS_IND_03,text or coded value,False,5316,2130,28.61,3,N
beneficiary_2019.csv,Master Beneficiary Summary,153,RDS_IND_04,text or coded value,False,5299,2147,28.83,3,N
beneficiary_2019.csv,Master Beneficiary Summary,154,RDS_IND_05,text or coded value,False,5297,2149,28.86,3,N
beneficiary_2019.csv,Master Beneficiary Summary,155,RDS_IND_06,text or coded value,False,5281,2165,29.08,3,N
beneficiary_2019.csv,Master Beneficiary Summary,156,RDS_IND_07,text or coded value,False,5270,2176,29.22,3,N
beneficiary_2019.csv,Master Beneficiary Summary,157,RDS_IND_08,text or coded value,False,5270,2176,29.22,3,N
beneficiary_2019.csv,Master Beneficiary Summary,158,RDS_IND_09,text or coded value,False,5269,2177,29.24,3,N
beneficiary_2019.csv,Master Beneficiary Summary,159,RDS_IND_10,text or coded value,False,5254,2192,29.44,3,N
beneficiary_2019.csv,Master Beneficiary Summary,160,RDS_IND_11,text or coded value,False,5241,2205,29.61,3,N
beneficiary_2019.csv,Master Beneficiary Summary,161,RDS_IND_12,text or coded value,False,5235,2211,29.69,2,N
beneficiary_2019.csv,Master Beneficiary Summary,162,DUAL_STUS_CD_01,text or coded value,False,7429,17,0.23,11,NA
beneficiary_2019.csv,Master Beneficiary Summary,163,DUAL_STUS_CD_02,text or coded value,False,7429,17,0.23,11,NA
beneficiary_2019.csv,Master Beneficiary Summary,164,DUAL_STUS_CD_03,text or coded value,False,7429,17,0.23,11,NA
beneficiary_2019.csv,Master Beneficiary Summary,165,DUAL_STUS_CD_04,text or coded value,False,7429,17,0.23,11,NA
beneficiary_2019.csv,Master Beneficiary Summary,166,DUAL_STUS_CD_05,text or coded value,False,7429,17,0.23,11,NA
beneficiary_2019.csv,Master Beneficiary Summary,167,DUAL_STUS_CD_06,text or coded value,False,7429,17,0.23,11,NA
beneficiary_2019.csv,Master Beneficiary Summary,168,DUAL_STUS_CD_07,text or coded value,False,7429,17,0.23,11,NA
beneficiary_2019.csv,Master Beneficiary Summary,169,DUAL_STUS_CD_08,text or coded value,False,7429,17,0.23,11,NA
beneficiary_2019.csv,Master Beneficiary Summary,170,DUAL_STUS_CD_09,text or coded value,False,7429,17,0.23,11,NA
beneficiary_2019.csv,Master Beneficiary Summary,171,DUAL_STUS_CD_10,text or coded value,False,7429,17,0.23,11,NA
beneficiary_2019.csv,Master Beneficiary Summary,172,DUAL_STUS_CD_11,text or coded value,False,7429,17,0.23,11,NA
beneficiary_2019.csv,Master Beneficiary Summary,173,DUAL_STUS_CD_12,text or coded value,False,7429,17,0.23,10,NA
beneficiary_2019.csv,Master Beneficiary Summary,174,CST_SHR_GRP_CD_01,text or coded value,False,7446,0,0.0,5,02
beneficiary_2019.csv,Master Beneficiary Summary,175,CST_SHR_GRP_CD_02,text or coded value,False,7446,0,0.0,5,02
beneficiary_2019.csv,Master Beneficiary Summary,176,CST_SHR_GRP_CD_03,text or coded value,False,7446,0,0.0,5,02
beneficiary_2019.csv,Master Beneficiary Summary,177,CST_SHR_GRP_CD_04,text or coded value,False,7446,0,0.0,5,02
beneficiary_2019.csv,Master Beneficiary Summary,178,CST_SHR_GRP_CD_05,text or coded value,False,7446,0,0.0,5,02
beneficiary_2019.csv,Master Beneficiary Summary,179,CST_SHR_GRP_CD_06,text or coded value,False,7446,0,0.0,5,02
beneficiary_2019.csv,Master Beneficiary Summary,180,CST_SHR_GRP_CD_07,text or coded value,False,7446,0,0.0,5,02
beneficiary_2019.csv,Master Beneficiary Summary,181,CST_SHR_GRP_CD_08,text or coded value,False,7446,0,0.0,5,02
beneficiary_2019.csv,Master Beneficiary Summary,182,CST_SHR_GRP_CD_09,text or coded value,False,7446,0,0.0,5,02
beneficiary_2019.csv,Master Beneficiary Summary,183,CST_SHR_GRP_CD_10,text or coded value,False,7446,0,0.0,5,02
beneficiary_2019.csv,Master Beneficiary Summary,184,CST_SHR_GRP_CD_11,text or coded value,False,7446,0,0.0,5,02
beneficiary_2019.csv,Master Beneficiary Summary,185,CST_SHR_GRP_CD_12,text or coded value,False,7446,0,0.0,5,02
beneficiary_2020.csv,Master Beneficiary Summary,1,BENE_ID,key,True,7837,0,0.0,7837,-10000010254618
beneficiary_2020.csv,Master Beneficiary Summary,2,STATE_CODE,dimension,True,7837,0,0.0,51,01
beneficiary_2020.csv,Master Beneficiary Summary,3,COUNTY_CD,dimension,True,7837,0,0.0,1545,1500
beneficiary_2020.csv,Master Beneficiary Summary,4,ZIP_CD,dimension,True,7837,0,0.0,4868,36109
beneficiary_2020.csv,Master Beneficiary Summary,5,BENE_BIRTH_DT,date,True,7837,0,0.0,6568,16-Aug-1999
beneficiary_2020.csv,Master Beneficiary Summary,6,SEX_IDENT_CD,dimension,True,7837,0,0.0,2,1
beneficiary_2020.csv,Master Beneficiary Summary,7,BENE_RACE_CD,dimension,True,7837,0,0.0,6,1
beneficiary_2020.csv,Master Beneficiary Summary,8,ENTLMT_RSN_ORIG,dimension,True,7837,0,0.0,4,1
beneficiary_2020.csv,Master Beneficiary Summary,9,ENTLMT_RSN_CURR,dimension,True,7837,0,0.0,4,1
beneficiary_2020.csv,Master Beneficiary Summary,10,ESRD_IND,dimension,True,7837,0,0.0,2,0
beneficiary_2020.csv,Master Beneficiary Summary,11,BENE_PTA_TRMNTN_CD,coded dimension,False,7837,0,0.0,1,0
beneficiary_2020.csv,Master Beneficiary Summary,12,BENE_PTB_TRMNTN_CD,coded dimension,False,7837,0,0.0,1,0
beneficiary_2020.csv,Master Beneficiary Summary,13,BENE_DEATH_DT,date,True,0,7837,100.0,0,
beneficiary_2020.csv,Master Beneficiary Summary,14,BENE_ENROLLMT_REF_YR,date,True,7837,0,0.0,1,2020
beneficiary_2020.csv,Master Beneficiary Summary,15,BENE_HI_CVRAGE_TOT_MONS,metric,True,7837,0,0.0,1,12
beneficiary_2020.csv,Master Beneficiary Summary,16,BENE_SMI_CVRAGE_TOT_MONS,metric,True,7837,0,0.0,1,12
beneficiary_2020.csv,Master Beneficiary Summary,17,BENE_STATE_BUYIN_TOT_MONS,text or coded value,False,7837,0,0.0,1,12
beneficiary_2020.csv,Master Beneficiary Summary,18,BENE_HMO_CVRAGE_TOT_MONS,metric,True,7837,0,0.0,1,0
beneficiary_2020.csv,Master Beneficiary Summary,19,RDS_CVRG_MONS,text or coded value,False,7837,0,0.0,3,0
beneficiary_2020.csv,Master Beneficiary Summary,20,ENRL_SRC,text or coded value,False,7837,0,0.0,1,CME
beneficiary_2020.csv,Master Beneficiary Summary,21,SAMPLE_GROUP,text or coded value,False,0,7837,100.0,0,
beneficiary_2020.csv,Master Beneficiary Summary,22,ENHANCED_FIVE_PERCENT_FLAG,text or coded value,False,7837,0,0.0,1, 
beneficiary_2020.csv,Master Beneficiary Summary,23,CRNT_BIC_CD,coded dimension,False,7837,0,0.0,22,M
beneficiary_2020.csv,Master Beneficiary Summary,24,AGE_AT_END_REF_YR,dimension,True,7837,0,0.0,109,21
beneficiary_2020.csv,Master Beneficiary Summary,25,COVSTART,text or coded value,False,7837,0,0.0,5561,08-Sep-1999
beneficiary_2020.csv,Master Beneficiary Summary,26,DUAL_ELGBL_MONS,metric,True,7837,0,0.0,1,0
beneficiary_2020.csv,Master Beneficiary Summary,27,STATE_CNTY_FIPS_CD_01,text or coded value,False,6678,1159,14.79,1424,1101
beneficiary_2020.csv,Master Beneficiary Summary,28,STATE_CNTY_FIPS_CD_02,text or coded value,False,6678,1159,14.79,1424,1101
beneficiary_2020.csv,Master Beneficiary Summary,29,STATE_CNTY_FIPS_CD_03,text or coded value,False,6678,1159,14.79,1424,1101
beneficiary_2020.csv,Master Beneficiary Summary,30,STATE_CNTY_FIPS_CD_04,text or coded value,False,6678,1159,14.79,1424,1101
beneficiary_2020.csv,Master Beneficiary Summary,31,STATE_CNTY_FIPS_CD_05,text or coded value,False,6678,1159,14.79,1424,1101
beneficiary_2020.csv,Master Beneficiary Summary,32,STATE_CNTY_FIPS_CD_06,text or coded value,False,6678,1159,14.79,1424,1101
beneficiary_2020.csv,Master Beneficiary Summary,33,STATE_CNTY_FIPS_CD_07,text or coded value,False,6678,1159,14.79,1424,1101
beneficiary_2020.csv,Master Beneficiary Summary,34,STATE_CNTY_FIPS_CD_08,text or coded value,False,6678,1159,14.79,1424,1101
beneficiary_2020.csv,Master Beneficiary Summary,35,STATE_CNTY_FIPS_CD_09,text or coded value,False,6678,1159,14.79,1424,1101
beneficiary_2020.csv,Master Beneficiary Summary,36,STATE_CNTY_FIPS_CD_10,text or coded value,False,6678,1159,14.79,1424,1101
beneficiary_2020.csv,Master Beneficiary Summary,37,STATE_CNTY_FIPS_CD_11,text or coded value,False,6678,1159,14.79,1424,1101
beneficiary_2020.csv,Master Beneficiary Summary,38,STATE_CNTY_FIPS_CD_12,text or coded value,False,6678,1159,14.79,1424,1101
beneficiary_2020.csv,Master Beneficiary Summary,39,VALID_DEATH_DT_SW,coded dimension,False,0,7837,100.0,0,
beneficiary_2020.csv,Master Beneficiary Summary,40,RTI_RACE_CD,dimension,True,7837,0,0.0,6,1
beneficiary_2020.csv,Master Beneficiary Summary,41,MDCR_STATUS_CODE_01,text or coded value,False,7837,0,0.0,5,20
beneficiary_2020.csv,Master Beneficiary Summary,42,MDCR_STATUS_CODE_02,text or coded value,False,7837,0,0.0,5,20
beneficiary_2020.csv,Master Beneficiary Summary,43,MDCR_STATUS_CODE_03,text or coded value,False,7837,0,0.0,5,20
beneficiary_2020.csv,Master Beneficiary Summary,44,MDCR_STATUS_CODE_04,text or coded value,False,7837,0,0.0,5,20
beneficiary_2020.csv,Master Beneficiary Summary,45,MDCR_STATUS_CODE_05,text or coded value,False,7837,0,0.0,5,20
beneficiary_2020.csv,Master Beneficiary Summary,46,MDCR_STATUS_CODE_06,text or coded value,False,7837,0,0.0,5,20
beneficiary_2020.csv,Master Beneficiary Summary,47,MDCR_STATUS_CODE_07,text or coded value,False,7837,0,0.0,5,20
beneficiary_2020.csv,Master Beneficiary Summary,48,MDCR_STATUS_CODE_08,text or coded value,False,7837,0,0.0,5,20
beneficiary_2020.csv,Master Beneficiary Summary,49,MDCR_STATUS_CODE_09,text or coded value,False,7837,0,0.0,5,20
beneficiary_2020.csv,Master Beneficiary Summary,50,MDCR_STATUS_CODE_10,text or coded value,False,7837,0,0.0,5,20
beneficiary_2020.csv,Master Beneficiary Summary,51,MDCR_STATUS_CODE_11,text or coded value,False,7837,0,0.0,5,20
beneficiary_2020.csv,Master Beneficiary Summary,52,MDCR_STATUS_CODE_12,text or coded value,False,7837,0,0.0,5,20
beneficiary_2020.csv,Master Beneficiary Summary,53,PTD_PLAN_CVRG_MONS,metric,True,7837,0,0.0,13,12
beneficiary_2020.csv,Master Beneficiary Summary,54,MDCR_ENTLMT_BUYIN_IND_01,text or coded value,False,7837,0,0.0,3,3
beneficiary_2020.csv,Master Beneficiary Summary,55,MDCR_ENTLMT_BUYIN_IND_02,text or coded value,False,7837,0,0.0,3,3
beneficiary_2020.csv,Master Beneficiary Summary,56,MDCR_ENTLMT_BUYIN_IND_03,text or coded value,False,7837,0,0.0,3,3
beneficiary_2020.csv,Master Beneficiary Summary,57,MDCR_ENTLMT_BUYIN_IND_04,text or coded value,False,7837,0,0.0,3,3
beneficiary_2020.csv,Master Beneficiary Summary,58,MDCR_ENTLMT_BUYIN_IND_05,text or coded value,False,7837,0,0.0,3,3
beneficiary_2020.csv,Master Beneficiary Summary,59,MDCR_ENTLMT_BUYIN_IND_06,text or coded value,False,7837,0,0.0,3,3
beneficiary_2020.csv,Master Beneficiary Summary,60,MDCR_ENTLMT_BUYIN_IND_07,text or coded value,False,7837,0,0.0,3,3
beneficiary_2020.csv,Master Beneficiary Summary,61,MDCR_ENTLMT_BUYIN_IND_08,text or coded value,False,7837,0,0.0,3,3
beneficiary_2020.csv,Master Beneficiary Summary,62,MDCR_ENTLMT_BUYIN_IND_09,text or coded value,False,7837,0,0.0,3,3
beneficiary_2020.csv,Master Beneficiary Summary,63,MDCR_ENTLMT_BUYIN_IND_10,text or coded value,False,7837,0,0.0,3,3
beneficiary_2020.csv,Master Beneficiary Summary,64,MDCR_ENTLMT_BUYIN_IND_11,text or coded value,False,7837,0,0.0,3,3
beneficiary_2020.csv,Master Beneficiary Summary,65,MDCR_ENTLMT_BUYIN_IND_12,text or coded value,False,7837,0,0.0,3,3
beneficiary_2020.csv,Master Beneficiary Summary,66,HMO_IND_01,text or coded value,False,0,7837,100.0,0,
beneficiary_2020.csv,Master Beneficiary Summary,67,HMO_IND_02,text or coded value,False,0,7837,100.0,0,
beneficiary_2020.csv,Master Beneficiary Summary,68,HMO_IND_03,text or coded value,False,0,7837,100.0,0,
beneficiary_2020.csv,Master Beneficiary Summary,69,HMO_IND_04,text or coded value,False,0,7837,100.0,0,
beneficiary_2020.csv,Master Beneficiary Summary,70,HMO_IND_05,text or coded value,False,0,7837,100.0,0,
beneficiary_2020.csv,Master Beneficiary Summary,71,HMO_IND_06,text or coded value,False,0,7837,100.0,0,
beneficiary_2020.csv,Master Beneficiary Summary,72,HMO_IND_07,text or coded value,False,0,7837,100.0,0,
beneficiary_2020.csv,Master Beneficiary Summary,73,HMO_IND_08,text or coded value,False,0,7837,100.0,0,
beneficiary_2020.csv,Master Beneficiary Summary,74,HMO_IND_09,text or coded value,False,0,7837,100.0,0,
beneficiary_2020.csv,Master Beneficiary Summary,75,HMO_IND_10,text or coded value,False,0,7837,100.0,0,
beneficiary_2020.csv,Master Beneficiary Summary,76,HMO_IND_11,text or coded value,False,0,7837,100.0,0,
beneficiary_2020.csv,Master Beneficiary Summary,77,HMO_IND_12,text or coded value,False,0,7837,100.0,0,
beneficiary_2020.csv,Master Beneficiary Summary,78,PTC_CNTRCT_ID_01,text or coded value,False,4653,3184,40.63,10,Y0004
beneficiary_2020.csv,Master Beneficiary Summary,79,PTC_CNTRCT_ID_02,text or coded value,False,4656,3181,40.59,10,Y0004
beneficiary_2020.csv,Master Beneficiary Summary,80,PTC_CNTRCT_ID_03,text or coded value,False,4652,3185,40.64,10,Y0004
beneficiary_2020.csv,Master Beneficiary Summary,81,PTC_CNTRCT_ID_04,text or coded value,False,4644,3193,40.74,10,Y0004
beneficiary_2020.csv,Master Beneficiary Summary,82,PTC_CNTRCT_ID_05,text or coded value,False,4643,3194,40.76,10,Y0004
beneficiary_2020.csv,Master Beneficiary Summary,83,PTC_CNTRCT_ID_06,text or coded value,False,4641,3196,40.78,10,Y0004
beneficiary_2020.csv,Master Beneficiary Summary,84,PTC_CNTRCT_ID_07,text or coded value,False,4653,3184,40.63,10,Y0004
beneficiary_2020.csv,Master Beneficiary Summary,85,PTC_CNTRCT_ID_08,text or coded value,False,4654,3183,40.62,10,Y0004
beneficiary_2020.csv,Master Beneficiary Summary,86,PTC_CNTRCT_ID_09,text or coded value,False,4644,3193,40.74,10,Y0004
beneficiary_2020.csv,Master Beneficiary Summary,87,PTC_CNTRCT_ID_10,text or coded value,False,4638,3199,40.82,10,Y0004
beneficiary_2020.csv,Master Beneficiary Summary,88,PTC_CNTRCT_ID_11,text or coded value,False,4644,3193,40.74,10,Y0004
beneficiary_2020.csv,Master Beneficiary Summary,89,PTC_CNTRCT_ID_12,text or coded value,False,4647,3190,40.7,10,Y0004
beneficiary_2020.csv,Master Beneficiary Summary,90,PTC_PBP_ID_01,text or coded value,False,4653,3184,40.63,5,800
beneficiary_2020.csv,Master Beneficiary Summary,91,PTC_PBP_ID_02,text or coded value,False,4656,3181,40.59,5,800
beneficiary_2020.csv,Master Beneficiary Summary,92,PTC_PBP_ID_03,text or coded value,False,4652,3185,40.64,5,800
beneficiary_2020.csv,Master Beneficiary Summary,93,PTC_PBP_ID_04,text or coded value,False,4644,3193,40.74,5,800
beneficiary_2020.csv,Master Beneficiary Summary,94,PTC_PBP_ID_05,text or coded value,False,4643,3194,40.76,5,800
beneficiary_2020.csv,Master Beneficiary Summary,95,PTC_PBP_ID_06,text or coded value,False,4641,3196,40.78,5,800
beneficiary_2020.csv,Master Beneficiary Summary,96,PTC_PBP_ID_07,text or coded value,False,4653,3184,40.63,5,800
beneficiary_2020.csv,Master Beneficiary Summary,97,PTC_PBP_ID_08,text or coded value,False,4654,3183,40.62,5,800
beneficiary_2020.csv,Master Beneficiary Summary,98,PTC_PBP_ID_09,text or coded value,False,4644,3193,40.74,5,800
beneficiary_2020.csv,Master Beneficiary Summary,99,PTC_PBP_ID_10,text or coded value,False,4638,3199,40.82,5,800
beneficiary_2020.csv,Master Beneficiary Summary,100,PTC_PBP_ID_11,text or coded value,False,4644,3193,40.74,5,800
beneficiary_2020.csv,Master Beneficiary Summary,101,PTC_PBP_ID_12,text or coded value,False,4647,3190,40.7,5,800
beneficiary_2020.csv,Master Beneficiary Summary,102,PTC_PLAN_TYPE_CD_01,text or coded value,False,0,7837,100.0,0,
beneficiary_2020.csv,Master Beneficiary Summary,103,PTC_PLAN_TYPE_CD_02,text or coded value,False,0,7837,100.0,0,
beneficiary_2020.csv,Master Beneficiary Summary,104,PTC_PLAN_TYPE_CD_03,text or coded value,False,0,7837,100.0,0,
beneficiary_2020.csv,Master Beneficiary Summary,105,PTC_PLAN_TYPE_CD_04,text or coded value,False,0,7837,100.0,0,
beneficiary_2020.csv,Master Beneficiary Summary,106,PTC_PLAN_TYPE_CD_05,text or coded value,False,0,7837,100.0,0,
beneficiary_2020.csv,Master Beneficiary Summary,107,PTC_PLAN_TYPE_CD_06,text or coded value,False,0,7837,100.0,0,
beneficiary_2020.csv,Master Beneficiary Summary,108,PTC_PLAN_TYPE_CD_07,text or coded value,False,0,7837,100.0,0,
beneficiary_2020.csv,Master Beneficiary Summary,109,PTC_PLAN_TYPE_CD_08,text or coded value,False,0,7837,100.0,0,
beneficiary_2020.csv,Master Beneficiary Summary,110,PTC_PLAN_TYPE_CD_09,text or coded value,False,0,7837,100.0,0,
beneficiary_2020.csv,Master Beneficiary Summary,111,PTC_PLAN_TYPE_CD_10,text or coded value,False,0,7837,100.0,0,
beneficiary_2020.csv,Master Beneficiary Summary,112,PTC_PLAN_TYPE_CD_11,text or coded value,False,0,7837,100.0,0,
beneficiary_2020.csv,Master Beneficiary Summary,113,PTC_PLAN_TYPE_CD_12,text or coded value,False,0,7837,100.0,0,
beneficiary_2020.csv,Master Beneficiary Summary,114,PTD_CNTRCT_ID_01,text or coded value,False,5554,2283,29.13,11,Z0004
beneficiary_2020.csv,Master Beneficiary Summary,115,PTD_CNTRCT_ID_02,text or coded value,False,5551,2286,29.17,11,Z0004
beneficiary_2020.csv,Master Beneficiary Summary,116,PTD_CNTRCT_ID_03,text or coded value,False,5539,2298,29.32,11,Z0004
beneficiary_2020.csv,Master Beneficiary Summary,117,PTD_CNTRCT_ID_04,text or coded value,False,5535,2302,29.37,11,Z0004
beneficiary_2020.csv,Master Beneficiary Summary,118,PTD_CNTRCT_ID_05,text or coded value,False,5523,2314,29.53,11,Z0004
beneficiary_2020.csv,Master Beneficiary Summary,119,PTD_CNTRCT_ID_06,text or coded value,False,5524,2313,29.51,11,Z0004
beneficiary_2020.csv,Master Beneficiary Summary,120,PTD_CNTRCT_ID_07,text or coded value,False,5517,2320,29.6,11,Z0004
beneficiary_2020.csv,Master Beneficiary Summary,121,PTD_CNTRCT_ID_08,text or coded value,False,5511,2326,29.68,11,Z0004
beneficiary_2020.csv,Master Beneficiary Summary,122,PTD_CNTRCT_ID_09,text or coded value,False,5497,2340,29.86,11,Z0004
beneficiary_2020.csv,Master Beneficiary Summary,123,PTD_CNTRCT_ID_10,text or coded value,False,5494,2343,29.9,11,Z0004
beneficiary_2020.csv,Master Beneficiary Summary,124,PTD_CNTRCT_ID_11,text or coded value,False,5483,2354,30.04,11,Z0004
beneficiary_2020.csv,Master Beneficiary Summary,125,PTD_CNTRCT_ID_12,text or coded value,False,5477,2360,30.11,10,Z0004
beneficiary_2020.csv,Master Beneficiary Summary,126,PTD_PBP_ID_01,text or coded value,False,5263,2574,32.84,5,804
beneficiary_2020.csv,Master Beneficiary Summary,127,PTD_PBP_ID_02,text or coded value,False,5282,2555,32.6,5,804
beneficiary_2020.csv,Master Beneficiary Summary,128,PTD_PBP_ID_03,text or coded value,False,5297,2540,32.41,5,804
beneficiary_2020.csv,Master Beneficiary Summary,129,PTD_PBP_ID_04,text or coded value,False,5316,2521,32.17,5,804
beneficiary_2020.csv,Master Beneficiary Summary,130,PTD_PBP_ID_05,text or coded value,False,5335,2502,31.93,5,804
beneficiary_2020.csv,Master Beneficiary Summary,131,PTD_PBP_ID_06,text or coded value,False,5363,2474,31.57,5,804
beneficiary_2020.csv,Master Beneficiary Summary,132,PTD_PBP_ID_07,text or coded value,False,5379,2458,31.36,5,804
beneficiary_2020.csv,Master Beneficiary Summary,133,PTD_PBP_ID_08,text or coded value,False,5407,2430,31.01,5,804
beneficiary_2020.csv,Master Beneficiary Summary,134,PTD_PBP_ID_09,text or coded value,False,5420,2417,30.84,5,804
beneficiary_2020.csv,Master Beneficiary Summary,135,PTD_PBP_ID_10,text or coded value,False,5436,2401,30.64,5,804
beneficiary_2020.csv,Master Beneficiary Summary,136,PTD_PBP_ID_11,text or coded value,False,5458,2379,30.36,5,804
beneficiary_2020.csv,Master Beneficiary Summary,137,PTD_PBP_ID_12,text or coded value,False,5477,2360,30.11,5,804
beneficiary_2020.csv,Master Beneficiary Summary,138,PTD_SGMT_ID_01,text or coded value,False,5263,2574,32.84,1,000
beneficiary_2020.csv,Master Beneficiary Summary,139,PTD_SGMT_ID_02,text or coded value,False,5282,2555,32.6,1,000
beneficiary_2020.csv,Master Beneficiary Summary,140,PTD_SGMT_ID_03,text or coded value,False,5297,2540,32.41,1,000
beneficiary_2020.csv,Master Beneficiary Summary,141,PTD_SGMT_ID_04,text or coded value,False,5316,2521,32.17,1,000
beneficiary_2020.csv,Master Beneficiary Summary,142,PTD_SGMT_ID_05,text or coded value,False,5335,2502,31.93,1,000
beneficiary_2020.csv,Master Beneficiary Summary,143,PTD_SGMT_ID_06,text or coded value,False,5363,2474,31.57,1,000
beneficiary_2020.csv,Master Beneficiary Summary,144,PTD_SGMT_ID_07,text or coded value,False,5379,2458,31.36,1,000
beneficiary_2020.csv,Master Beneficiary Summary,145,PTD_SGMT_ID_08,text or coded value,False,5407,2430,31.01,1,000
beneficiary_2020.csv,Master Beneficiary Summary,146,PTD_SGMT_ID_09,text or coded value,False,5420,2417,30.84,1,000
beneficiary_2020.csv,Master Beneficiary Summary,147,PTD_SGMT_ID_10,text or coded value,False,5436,2401,30.64,1,000
beneficiary_2020.csv,Master Beneficiary Summary,148,PTD_SGMT_ID_11,text or coded value,False,5458,2379,30.36,1,000
beneficiary_2020.csv,Master Beneficiary Summary,149,PTD_SGMT_ID_12,text or coded value,False,5477,2360,30.11,1,000
beneficiary_2020.csv,Master Beneficiary Summary,150,RDS_IND_01,text or coded value,False,5554,2283,29.13,3,N
beneficiary_2020.csv,Master Beneficiary Summary,151,RDS_IND_02,text or coded value,False,5551,2286,29.17,3,N
beneficiary_2020.csv,Master Beneficiary Summary,152,RDS_IND_03,text or coded value,False,5539,2298,29.32,3,N
beneficiary_2020.csv,Master Beneficiary Summary,153,RDS_IND_04,text or coded value,False,5535,2302,29.37,3,N
beneficiary_2020.csv,Master Beneficiary Summary,154,RDS_IND_05,text or coded value,False,5523,2314,29.53,3,N
beneficiary_2020.csv,Master Beneficiary Summary,155,RDS_IND_06,text or coded value,False,5524,2313,29.51,3,N
beneficiary_2020.csv,Master Beneficiary Summary,156,RDS_IND_07,text or coded value,False,5517,2320,29.6,3,N
beneficiary_2020.csv,Master Beneficiary Summary,157,RDS_IND_08,text or coded value,False,5511,2326,29.68,3,N
beneficiary_2020.csv,Master Beneficiary Summary,158,RDS_IND_09,text or coded value,False,5497,2340,29.86,3,N
beneficiary_2020.csv,Master Beneficiary Summary,159,RDS_IND_10,text or coded value,False,5494,2343,29.9,3,N
beneficiary_2020.csv,Master Beneficiary Summary,160,RDS_IND_11,text or coded value,False,5483,2354,30.04,3,N
beneficiary_2020.csv,Master Beneficiary Summary,161,RDS_IND_12,text or coded value,False,5477,2360,30.11,2,N
beneficiary_2020.csv,Master Beneficiary Summary,162,DUAL_STUS_CD_01,text or coded value,False,7830,7,0.09,11,NA
beneficiary_2020.csv,Master Beneficiary Summary,163,DUAL_STUS_CD_02,text or coded value,False,7830,7,0.09,11,NA
beneficiary_2020.csv,Master Beneficiary Summary,164,DUAL_STUS_CD_03,text or coded value,False,7830,7,0.09,11,NA
beneficiary_2020.csv,Master Beneficiary Summary,165,DUAL_STUS_CD_04,text or coded value,False,7830,7,0.09,11,NA
beneficiary_2020.csv,Master Beneficiary Summary,166,DUAL_STUS_CD_05,text or coded value,False,7830,7,0.09,11,NA
beneficiary_2020.csv,Master Beneficiary Summary,167,DUAL_STUS_CD_06,text or coded value,False,7830,7,0.09,11,NA
beneficiary_2020.csv,Master Beneficiary Summary,168,DUAL_STUS_CD_07,text or coded value,False,7830,7,0.09,11,NA
beneficiary_2020.csv,Master Beneficiary Summary,169,DUAL_STUS_CD_08,text or coded value,False,7830,7,0.09,11,NA
beneficiary_2020.csv,Master Beneficiary Summary,170,DUAL_STUS_CD_09,text or coded value,False,7830,7,0.09,11,NA
beneficiary_2020.csv,Master Beneficiary Summary,171,DUAL_STUS_CD_10,text or coded value,False,7830,7,0.09,11,NA
beneficiary_2020.csv,Master Beneficiary Summary,172,DUAL_STUS_CD_11,text or coded value,False,7830,7,0.09,11,NA
beneficiary_2020.csv,Master Beneficiary Summary,173,DUAL_STUS_CD_12,text or coded value,False,7830,7,0.09,10,NA
beneficiary_2020.csv,Master Beneficiary Summary,174,CST_SHR_GRP_CD_01,text or coded value,False,7837,0,0.0,5,02
beneficiary_2020.csv,Master Beneficiary Summary,175,CST_SHR_GRP_CD_02,text or coded value,False,7837,0,0.0,5,02
beneficiary_2020.csv,Master Beneficiary Summary,176,CST_SHR_GRP_CD_03,text or coded value,False,7837,0,0.0,5,02
beneficiary_2020.csv,Master Beneficiary Summary,177,CST_SHR_GRP_CD_04,text or coded value,False,7837,0,0.0,5,02
beneficiary_2020.csv,Master Beneficiary Summary,178,CST_SHR_GRP_CD_05,text or coded value,False,7837,0,0.0,5,02
beneficiary_2020.csv,Master Beneficiary Summary,179,CST_SHR_GRP_CD_06,text or coded value,False,7837,0,0.0,5,02
beneficiary_2020.csv,Master Beneficiary Summary,180,CST_SHR_GRP_CD_07,text or coded value,False,7837,0,0.0,5,02
beneficiary_2020.csv,Master Beneficiary Summary,181,CST_SHR_GRP_CD_08,text or coded value,False,7837,0,0.0,5,02
beneficiary_2020.csv,Master Beneficiary Summary,182,CST_SHR_GRP_CD_09,text or coded value,False,7837,0,0.0,5,02
beneficiary_2020.csv,Master Beneficiary Summary,183,CST_SHR_GRP_CD_10,text or coded value,False,7837,0,0.0,5,02
beneficiary_2020.csv,Master Beneficiary Summary,184,CST_SHR_GRP_CD_11,text or coded value,False,7837,0,0.0,5,02
beneficiary_2020.csv,Master Beneficiary Summary,185,CST_SHR_GRP_CD_12,text or coded value,False,7837,0,0.0,5,02
beneficiary_2021.csv,Master Beneficiary Summary,1,BENE_ID,key,True,8246,0,0.0,8246,-10000010254618
beneficiary_2021.csv,Master Beneficiary Summary,2,STATE_CODE,dimension,True,8246,0,0.0,51,01
beneficiary_2021.csv,Master Beneficiary Summary,3,COUNTY_CD,dimension,True,8246,0,0.0,1575,1500
beneficiary_2021.csv,Master Beneficiary Summary,4,ZIP_CD,dimension,True,8246,0,0.0,5068,36109
beneficiary_2021.csv,Master Beneficiary Summary,5,BENE_BIRTH_DT,date,True,8246,0,0.0,6863,16-Aug-1999
beneficiary_2021.csv,Master Beneficiary Summary,6,SEX_IDENT_CD,dimension,True,8246,0,0.0,2,1
beneficiary_2021.csv,Master Beneficiary Summary,7,BENE_RACE_CD,dimension,True,8246,0,0.0,6,1
beneficiary_2021.csv,Master Beneficiary Summary,8,ENTLMT_RSN_ORIG,dimension,True,8246,0,0.0,4,1
beneficiary_2021.csv,Master Beneficiary Summary,9,ENTLMT_RSN_CURR,dimension,True,8246,0,0.0,4,1
beneficiary_2021.csv,Master Beneficiary Summary,10,ESRD_IND,dimension,True,8246,0,0.0,2,0
beneficiary_2021.csv,Master Beneficiary Summary,11,BENE_PTA_TRMNTN_CD,coded dimension,False,8246,0,0.0,1,0
beneficiary_2021.csv,Master Beneficiary Summary,12,BENE_PTB_TRMNTN_CD,coded dimension,False,8246,0,0.0,1,0
beneficiary_2021.csv,Master Beneficiary Summary,13,BENE_DEATH_DT,date,True,0,8246,100.0,0,
beneficiary_2021.csv,Master Beneficiary Summary,14,BENE_ENROLLMT_REF_YR,date,True,8246,0,0.0,1,2021
beneficiary_2021.csv,Master Beneficiary Summary,15,BENE_HI_CVRAGE_TOT_MONS,metric,True,8246,0,0.0,1,12
beneficiary_2021.csv,Master Beneficiary Summary,16,BENE_SMI_CVRAGE_TOT_MONS,metric,True,8246,0,0.0,1,12
beneficiary_2021.csv,Master Beneficiary Summary,17,BENE_STATE_BUYIN_TOT_MONS,text or coded value,False,8246,0,0.0,1,12
beneficiary_2021.csv,Master Beneficiary Summary,18,BENE_HMO_CVRAGE_TOT_MONS,metric,True,8246,0,0.0,1,0
beneficiary_2021.csv,Master Beneficiary Summary,19,RDS_CVRG_MONS,text or coded value,False,8246,0,0.0,2,0
beneficiary_2021.csv,Master Beneficiary Summary,20,ENRL_SRC,text or coded value,False,8246,0,0.0,1,CME
beneficiary_2021.csv,Master Beneficiary Summary,21,SAMPLE_GROUP,text or coded value,False,0,8246,100.0,0,
beneficiary_2021.csv,Master Beneficiary Summary,22,ENHANCED_FIVE_PERCENT_FLAG,text or coded value,False,8246,0,0.0,1, 
beneficiary_2021.csv,Master Beneficiary Summary,23,CRNT_BIC_CD,coded dimension,False,8246,0,0.0,22,A
beneficiary_2021.csv,Master Beneficiary Summary,24,AGE_AT_END_REF_YR,dimension,True,8246,0,0.0,110,22
beneficiary_2021.csv,Master Beneficiary Summary,25,COVSTART,text or coded value,False,8246,0,0.0,5813,08-Sep-1999
beneficiary_2021.csv,Master Beneficiary Summary,26,DUAL_ELGBL_MONS,metric,True,8246,0,0.0,1,0
beneficiary_2021.csv,Master Beneficiary Summary,27,STATE_CNTY_FIPS_CD_01,text or coded value,False,7017,1229,14.9,1452,1101
beneficiary_2021.csv,Master Beneficiary Summary,28,STATE_CNTY_FIPS_CD_02,text or coded value,False,7017,1229,14.9,1452,1101
beneficiary_2021.csv,Master Beneficiary Summary,29,STATE_CNTY_FIPS_CD_03,text or coded value,False,7017,1229,14.9,1452,1101
beneficiary_2021.csv,Master Beneficiary Summary,30,STATE_CNTY_FIPS_CD_04,text or coded value,False,7017,1229,14.9,1452,1101
beneficiary_2021.csv,Master Beneficiary Summary,31,STATE_CNTY_FIPS_CD_05,text or coded value,False,7017,1229,14.9,1452,1101
beneficiary_2021.csv,Master Beneficiary Summary,32,STATE_CNTY_FIPS_CD_06,text or coded value,False,7017,1229,14.9,1452,1101
beneficiary_2021.csv,Master Beneficiary Summary,33,STATE_CNTY_FIPS_CD_07,text or coded value,False,7017,1229,14.9,1452,1101
beneficiary_2021.csv,Master Beneficiary Summary,34,STATE_CNTY_FIPS_CD_08,text or coded value,False,7017,1229,14.9,1452,1101
beneficiary_2021.csv,Master Beneficiary Summary,35,STATE_CNTY_FIPS_CD_09,text or coded value,False,7017,1229,14.9,1452,1101
beneficiary_2021.csv,Master Beneficiary Summary,36,STATE_CNTY_FIPS_CD_10,text or coded value,False,7017,1229,14.9,1452,1101
beneficiary_2021.csv,Master Beneficiary Summary,37,STATE_CNTY_FIPS_CD_11,text or coded value,False,7017,1229,14.9,1452,1101
beneficiary_2021.csv,Master Beneficiary Summary,38,STATE_CNTY_FIPS_CD_12,text or coded value,False,7017,1229,14.9,1452,1101
beneficiary_2021.csv,Master Beneficiary Summary,39,VALID_DEATH_DT_SW,coded dimension,False,0,8246,100.0,0,
beneficiary_2021.csv,Master Beneficiary Summary,40,RTI_RACE_CD,dimension,True,8246,0,0.0,6,1
beneficiary_2021.csv,Master Beneficiary Summary,41,MDCR_STATUS_CODE_01,text or coded value,False,8246,0,0.0,5,20
beneficiary_2021.csv,Master Beneficiary Summary,42,MDCR_STATUS_CODE_02,text or coded value,False,8246,0,0.0,5,20
beneficiary_2021.csv,Master Beneficiary Summary,43,MDCR_STATUS_CODE_03,text or coded value,False,8246,0,0.0,5,20
beneficiary_2021.csv,Master Beneficiary Summary,44,MDCR_STATUS_CODE_04,text or coded value,False,8246,0,0.0,5,20
beneficiary_2021.csv,Master Beneficiary Summary,45,MDCR_STATUS_CODE_05,text or coded value,False,8246,0,0.0,5,20
beneficiary_2021.csv,Master Beneficiary Summary,46,MDCR_STATUS_CODE_06,text or coded value,False,8246,0,0.0,5,20
beneficiary_2021.csv,Master Beneficiary Summary,47,MDCR_STATUS_CODE_07,text or coded value,False,8246,0,0.0,5,20
beneficiary_2021.csv,Master Beneficiary Summary,48,MDCR_STATUS_CODE_08,text or coded value,False,8246,0,0.0,5,20
beneficiary_2021.csv,Master Beneficiary Summary,49,MDCR_STATUS_CODE_09,text or coded value,False,8246,0,0.0,5,20
beneficiary_2021.csv,Master Beneficiary Summary,50,MDCR_STATUS_CODE_10,text or coded value,False,8246,0,0.0,5,20
beneficiary_2021.csv,Master Beneficiary Summary,51,MDCR_STATUS_CODE_11,text or coded value,False,8246,0,0.0,5,20
beneficiary_2021.csv,Master Beneficiary Summary,52,MDCR_STATUS_CODE_12,text or coded value,False,8246,0,0.0,5,20
beneficiary_2021.csv,Master Beneficiary Summary,53,PTD_PLAN_CVRG_MONS,metric,True,8246,0,0.0,13,12
beneficiary_2021.csv,Master Beneficiary Summary,54,MDCR_ENTLMT_BUYIN_IND_01,text or coded value,False,8246,0,0.0,3,3
beneficiary_2021.csv,Master Beneficiary Summary,55,MDCR_ENTLMT_BUYIN_IND_02,text or coded value,False,8246,0,0.0,3,3
beneficiary_2021.csv,Master Beneficiary Summary,56,MDCR_ENTLMT_BUYIN_IND_03,text or coded value,False,8246,0,0.0,3,3
beneficiary_2021.csv,Master Beneficiary Summary,57,MDCR_ENTLMT_BUYIN_IND_04,text or coded value,False,8246,0,0.0,3,3
beneficiary_2021.csv,Master Beneficiary Summary,58,MDCR_ENTLMT_BUYIN_IND_05,text or coded value,False,8246,0,0.0,3,3
beneficiary_2021.csv,Master Beneficiary Summary,59,MDCR_ENTLMT_BUYIN_IND_06,text or coded value,False,8246,0,0.0,3,3
beneficiary_2021.csv,Master Beneficiary Summary,60,MDCR_ENTLMT_BUYIN_IND_07,text or coded value,False,8246,0,0.0,3,3
beneficiary_2021.csv,Master Beneficiary Summary,61,MDCR_ENTLMT_BUYIN_IND_08,text or coded value,False,8246,0,0.0,3,3
beneficiary_2021.csv,Master Beneficiary Summary,62,MDCR_ENTLMT_BUYIN_IND_09,text or coded value,False,8246,0,0.0,3,3
beneficiary_2021.csv,Master Beneficiary Summary,63,MDCR_ENTLMT_BUYIN_IND_10,text or coded value,False,8246,0,0.0,3,3
beneficiary_2021.csv,Master Beneficiary Summary,64,MDCR_ENTLMT_BUYIN_IND_11,text or coded value,False,8246,0,0.0,3,3
beneficiary_2021.csv,Master Beneficiary Summary,65,MDCR_ENTLMT_BUYIN_IND_12,text or coded value,False,8246,0,0.0,3,3
beneficiary_2021.csv,Master Beneficiary Summary,66,HMO_IND_01,text or coded value,False,0,8246,100.0,0,
beneficiary_2021.csv,Master Beneficiary Summary,67,HMO_IND_02,text or coded value,False,0,8246,100.0,0,
beneficiary_2021.csv,Master Beneficiary Summary,68,HMO_IND_03,text or coded value,False,0,8246,100.0,0,
beneficiary_2021.csv,Master Beneficiary Summary,69,HMO_IND_04,text or coded value,False,0,8246,100.0,0,
beneficiary_2021.csv,Master Beneficiary Summary,70,HMO_IND_05,text or coded value,False,0,8246,100.0,0,
beneficiary_2021.csv,Master Beneficiary Summary,71,HMO_IND_06,text or coded value,False,0,8246,100.0,0,
beneficiary_2021.csv,Master Beneficiary Summary,72,HMO_IND_07,text or coded value,False,0,8246,100.0,0,
beneficiary_2021.csv,Master Beneficiary Summary,73,HMO_IND_08,text or coded value,False,0,8246,100.0,0,
beneficiary_2021.csv,Master Beneficiary Summary,74,HMO_IND_09,text or coded value,False,0,8246,100.0,0,
beneficiary_2021.csv,Master Beneficiary Summary,75,HMO_IND_10,text or coded value,False,0,8246,100.0,0,
beneficiary_2021.csv,Master Beneficiary Summary,76,HMO_IND_11,text or coded value,False,0,8246,100.0,0,
beneficiary_2021.csv,Master Beneficiary Summary,77,HMO_IND_12,text or coded value,False,0,8246,100.0,0,
beneficiary_2021.csv,Master Beneficiary Summary,78,PTC_CNTRCT_ID_01,text or coded value,False,4906,3340,40.5,10,Y0004
beneficiary_2021.csv,Master Beneficiary Summary,79,PTC_CNTRCT_ID_02,text or coded value,False,4902,3344,40.55,10,Y0004
beneficiary_2021.csv,Master Beneficiary Summary,80,PTC_CNTRCT_ID_03,text or coded value,False,4905,3341,40.52,10,Y0004
beneficiary_2021.csv,Master Beneficiary Summary,81,PTC_CNTRCT_ID_04,text or coded value,False,4910,3336,40.46,10,Y0004
beneficiary_2021.csv,Master Beneficiary Summary,82,PTC_CNTRCT_ID_05,text or coded value,False,4912,3334,40.43,10,Y0004
beneficiary_2021.csv,Master Beneficiary Summary,83,PTC_CNTRCT_ID_06,text or coded value,False,4910,3336,40.46,10,Y0004
beneficiary_2021.csv,Master Beneficiary Summary,84,PTC_CNTRCT_ID_07,text or coded value,False,4915,3331,40.4,10,Y0004
beneficiary_2021.csv,Master Beneficiary Summary,85,PTC_CNTRCT_ID_08,text or coded value,False,4911,3335,40.44,10,Y0004
beneficiary_2021.csv,Master Beneficiary Summary,86,PTC_CNTRCT_ID_09,text or coded value,False,4910,3336,40.46,10,Y0004
beneficiary_2021.csv,Master Beneficiary Summary,87,PTC_CNTRCT_ID_10,text or coded value,False,4914,3332,40.41,10,Y0004
beneficiary_2021.csv,Master Beneficiary Summary,88,PTC_CNTRCT_ID_11,text or coded value,False,4909,3337,40.47,10,Y0004
beneficiary_2021.csv,Master Beneficiary Summary,89,PTC_CNTRCT_ID_12,text or coded value,False,4903,3343,40.54,10,Y0004
beneficiary_2021.csv,Master Beneficiary Summary,90,PTC_PBP_ID_01,text or coded value,False,4906,3340,40.5,5,800
beneficiary_2021.csv,Master Beneficiary Summary,91,PTC_PBP_ID_02,text or coded value,False,4902,3344,40.55,5,800
beneficiary_2021.csv,Master Beneficiary Summary,92,PTC_PBP_ID_03,text or coded value,False,4905,3341,40.52,5,800
beneficiary_2021.csv,Master Beneficiary Summary,93,PTC_PBP_ID_04,text or coded value,False,4910,3336,40.46,5,800
beneficiary_2021.csv,Master Beneficiary Summary,94,PTC_PBP_ID_05,text or coded value,False,4912,3334,40.43,5,800
beneficiary_2021.csv,Master Beneficiary Summary,95,PTC_PBP_ID_06,text or coded value,False,4910,3336,40.46,5,800
beneficiary_2021.csv,Master Beneficiary Summary,96,PTC_PBP_ID_07,text or coded value,False,4915,3331,40.4,5,800
beneficiary_2021.csv,Master Beneficiary Summary,97,PTC_PBP_ID_08,text or coded value,False,4911,3335,40.44,5,800
beneficiary_2021.csv,Master Beneficiary Summary,98,PTC_PBP_ID_09,text or coded value,False,4910,3336,40.46,5,800
beneficiary_2021.csv,Master Beneficiary Summary,99,PTC_PBP_ID_10,text or coded value,False,4914,3332,40.41,5,800
beneficiary_2021.csv,Master Beneficiary Summary,100,PTC_PBP_ID_11,text or coded value,False,4909,3337,40.47,5,800
beneficiary_2021.csv,Master Beneficiary Summary,101,PTC_PBP_ID_12,text or coded value,False,4903,3343,40.54,5,800
beneficiary_2021.csv,Master Beneficiary Summary,102,PTC_PLAN_TYPE_CD_01,text or coded value,False,0,8246,100.0,0,
beneficiary_2021.csv,Master Beneficiary Summary,103,PTC_PLAN_TYPE_CD_02,text or coded value,False,0,8246,100.0,0,
beneficiary_2021.csv,Master Beneficiary Summary,104,PTC_PLAN_TYPE_CD_03,text or coded value,False,0,8246,100.0,0,
beneficiary_2021.csv,Master Beneficiary Summary,105,PTC_PLAN_TYPE_CD_04,text or coded value,False,0,8246,100.0,0,
beneficiary_2021.csv,Master Beneficiary Summary,106,PTC_PLAN_TYPE_CD_05,text or coded value,False,0,8246,100.0,0,
beneficiary_2021.csv,Master Beneficiary Summary,107,PTC_PLAN_TYPE_CD_06,text or coded value,False,0,8246,100.0,0,
beneficiary_2021.csv,Master Beneficiary Summary,108,PTC_PLAN_TYPE_CD_07,text or coded value,False,0,8246,100.0,0,
beneficiary_2021.csv,Master Beneficiary Summary,109,PTC_PLAN_TYPE_CD_08,text or coded value,False,0,8246,100.0,0,
beneficiary_2021.csv,Master Beneficiary Summary,110,PTC_PLAN_TYPE_CD_09,text or coded value,False,0,8246,100.0,0,
beneficiary_2021.csv,Master Beneficiary Summary,111,PTC_PLAN_TYPE_CD_10,text or coded value,False,0,8246,100.0,0,
beneficiary_2021.csv,Master Beneficiary Summary,112,PTC_PLAN_TYPE_CD_11,text or coded value,False,0,8246,100.0,0,
beneficiary_2021.csv,Master Beneficiary Summary,113,PTC_PLAN_TYPE_CD_12,text or coded value,False,0,8246,100.0,0,
beneficiary_2021.csv,Master Beneficiary Summary,114,PTD_CNTRCT_ID_01,text or coded value,False,5802,2444,29.64,11,Z0004
beneficiary_2021.csv,Master Beneficiary Summary,115,PTD_CNTRCT_ID_02,text or coded value,False,5796,2450,29.71,11,Z0004
beneficiary_2021.csv,Master Beneficiary Summary,116,PTD_CNTRCT_ID_03,text or coded value,False,5787,2459,29.82,11,Z0004
beneficiary_2021.csv,Master Beneficiary Summary,117,PTD_CNTRCT_ID_04,text or coded value,False,5780,2466,29.91,11,Z0004
beneficiary_2021.csv,Master Beneficiary Summary,118,PTD_CNTRCT_ID_05,text or coded value,False,5775,2471,29.97,11,Z0004
beneficiary_2021.csv,Master Beneficiary Summary,119,PTD_CNTRCT_ID_06,text or coded value,False,5767,2479,30.06,11,Z0004
beneficiary_2021.csv,Master Beneficiary Summary,120,PTD_CNTRCT_ID_07,text or coded value,False,5761,2485,30.14,11,Z0004
beneficiary_2021.csv,Master Beneficiary Summary,121,PTD_CNTRCT_ID_08,text or coded value,False,5750,2496,30.27,11,Z0004
beneficiary_2021.csv,Master Beneficiary Summary,122,PTD_CNTRCT_ID_09,text or coded value,False,5731,2515,30.5,11,Z0004
beneficiary_2021.csv,Master Beneficiary Summary,123,PTD_CNTRCT_ID_10,text or coded value,False,5715,2531,30.69,11,Z0004
beneficiary_2021.csv,Master Beneficiary Summary,124,PTD_CNTRCT_ID_11,text or coded value,False,5710,2536,30.75,11,Z0004
beneficiary_2021.csv,Master Beneficiary Summary,125,PTD_CNTRCT_ID_12,text or coded value,False,5707,2539,30.79,10,Z0004
beneficiary_2021.csv,Master Beneficiary Summary,126,PTD_PBP_ID_01,text or coded value,False,5519,2727,33.07,5,804
beneficiary_2021.csv,Master Beneficiary Summary,127,PTD_PBP_ID_02,text or coded value,False,5534,2712,32.89,5,804
beneficiary_2021.csv,Master Beneficiary Summary,128,PTD_PBP_ID_03,text or coded value,False,5559,2687,32.59,5,804
beneficiary_2021.csv,Master Beneficiary Summary,129,PTD_PBP_ID_04,text or coded value,False,5578,2668,32.36,5,804
beneficiary_2021.csv,Master Beneficiary Summary,130,PTD_PBP_ID_05,text or coded value,False,5598,2648,32.11,5,804
beneficiary_2021.csv,Master Beneficiary Summary,131,PTD_PBP_ID_06,text or coded value,False,5613,2633,31.93,5,804
beneficiary_2021.csv,Master Beneficiary Summary,132,PTD_PBP_ID_07,text or coded value,False,5626,2620,31.77,5,804
beneficiary_2021.csv,Master Beneficiary Summary,133,PTD_PBP_ID_08,text or coded value,False,5641,2605,31.59,5,804
beneficiary_2021.csv,Master Beneficiary Summary,134,PTD_PBP_ID_09,text or coded value,False,5653,2593,31.45,5,804
beneficiary_2021.csv,Master Beneficiary Summary,135,PTD_PBP_ID_10,text or coded value,False,5663,2583,31.32,5,804
beneficiary_2021.csv,Master Beneficiary Summary,136,PTD_PBP_ID_11,text or coded value,False,5688,2558,31.02,5,804
beneficiary_2021.csv,Master Beneficiary Summary,137,PTD_PBP_ID_12,text or coded value,False,5707,2539,30.79,5,804
beneficiary_2021.csv,Master Beneficiary Summary,138,PTD_SGMT_ID_01,text or coded value,False,5519,2727,33.07,1,000
beneficiary_2021.csv,Master Beneficiary Summary,139,PTD_SGMT_ID_02,text or coded value,False,5534,2712,32.89,1,000
beneficiary_2021.csv,Master Beneficiary Summary,140,PTD_SGMT_ID_03,text or coded value,False,5559,2687,32.59,1,000
beneficiary_2021.csv,Master Beneficiary Summary,141,PTD_SGMT_ID_04,text or coded value,False,5578,2668,32.36,1,000
beneficiary_2021.csv,Master Beneficiary Summary,142,PTD_SGMT_ID_05,text or coded value,False,5598,2648,32.11,1,000
beneficiary_2021.csv,Master Beneficiary Summary,143,PTD_SGMT_ID_06,text or coded value,False,5613,2633,31.93,1,000
beneficiary_2021.csv,Master Beneficiary Summary,144,PTD_SGMT_ID_07,text or coded value,False,5626,2620,31.77,1,000
beneficiary_2021.csv,Master Beneficiary Summary,145,PTD_SGMT_ID_08,text or coded value,False,5641,2605,31.59,1,000
beneficiary_2021.csv,Master Beneficiary Summary,146,PTD_SGMT_ID_09,text or coded value,False,5653,2593,31.45,1,000
beneficiary_2021.csv,Master Beneficiary Summary,147,PTD_SGMT_ID_10,text or coded value,False,5663,2583,31.32,1,000
beneficiary_2021.csv,Master Beneficiary Summary,148,PTD_SGMT_ID_11,text or coded value,False,5688,2558,31.02,1,000
beneficiary_2021.csv,Master Beneficiary Summary,149,PTD_SGMT_ID_12,text or coded value,False,5707,2539,30.79,1,000
beneficiary_2021.csv,Master Beneficiary Summary,150,RDS_IND_01,text or coded value,False,5802,2444,29.64,3,N
beneficiary_2021.csv,Master Beneficiary Summary,151,RDS_IND_02,text or coded value,False,5796,2450,29.71,3,N
beneficiary_2021.csv,Master Beneficiary Summary,152,RDS_IND_03,text or coded value,False,5787,2459,29.82,3,N
beneficiary_2021.csv,Master Beneficiary Summary,153,RDS_IND_04,text or coded value,False,5780,2466,29.91,3,N
beneficiary_2021.csv,Master Beneficiary Summary,154,RDS_IND_05,text or coded value,False,5775,2471,29.97,3,N
beneficiary_2021.csv,Master Beneficiary Summary,155,RDS_IND_06,text or coded value,False,5767,2479,30.06,3,N
beneficiary_2021.csv,Master Beneficiary Summary,156,RDS_IND_07,text or coded value,False,5761,2485,30.14,3,N
beneficiary_2021.csv,Master Beneficiary Summary,157,RDS_IND_08,text or coded value,False,5750,2496,30.27,3,N
beneficiary_2021.csv,Master Beneficiary Summary,158,RDS_IND_09,text or coded value,False,5731,2515,30.5,3,N
beneficiary_2021.csv,Master Beneficiary Summary,159,RDS_IND_10,text or coded value,False,5715,2531,30.69,3,N
beneficiary_2021.csv,Master Beneficiary Summary,160,RDS_IND_11,text or coded value,False,5710,2536,30.75,3,N
beneficiary_2021.csv,Master Beneficiary Summary,161,RDS_IND_12,text or coded value,False,5707,2539,30.79,2,N
beneficiary_2021.csv,Master Beneficiary Summary,162,DUAL_STUS_CD_01,text or coded value,False,8232,14,0.17,10,NA
beneficiary_2021.csv,Master Beneficiary Summary,163,DUAL_STUS_CD_02,text or coded value,False,8232,14,0.17,10,NA
beneficiary_2021.csv,Master Beneficiary Summary,164,DUAL_STUS_CD_03,text or coded value,False,8232,14,0.17,10,NA
beneficiary_2021.csv,Master Beneficiary Summary,165,DUAL_STUS_CD_04,text or coded value,False,8232,14,0.17,10,NA
beneficiary_2021.csv,Master Beneficiary Summary,166,DUAL_STUS_CD_05,text or coded value,False,8232,14,0.17,10,NA
beneficiary_2021.csv,Master Beneficiary Summary,167,DUAL_STUS_CD_06,text or coded value,False,8232,14,0.17,10,NA
beneficiary_2021.csv,Master Beneficiary Summary,168,DUAL_STUS_CD_07,text or coded value,False,8232,14,0.17,10,NA
beneficiary_2021.csv,Master Beneficiary Summary,169,DUAL_STUS_CD_08,text or coded value,False,8232,14,0.17,10,NA
beneficiary_2021.csv,Master Beneficiary Summary,170,DUAL_STUS_CD_09,text or coded value,False,8232,14,0.17,10,NA
beneficiary_2021.csv,Master Beneficiary Summary,171,DUAL_STUS_CD_10,text or coded value,False,8232,14,0.17,10,NA
beneficiary_2021.csv,Master Beneficiary Summary,172,DUAL_STUS_CD_11,text or coded value,False,8232,14,0.17,10,NA
beneficiary_2021.csv,Master Beneficiary Summary,173,DUAL_STUS_CD_12,text or coded value,False,8232,14,0.17,9,NA
beneficiary_2021.csv,Master Beneficiary Summary,174,CST_SHR_GRP_CD_01,text or coded value,False,8246,0,0.0,5,02
beneficiary_2021.csv,Master Beneficiary Summary,175,CST_SHR_GRP_CD_02,text or coded value,False,8246,0,0.0,5,02
beneficiary_2021.csv,Master Beneficiary Summary,176,CST_SHR_GRP_CD_03,text or coded value,False,8246,0,0.0,5,02
beneficiary_2021.csv,Master Beneficiary Summary,177,CST_SHR_GRP_CD_04,text or coded value,False,8246,0,0.0,5,02
beneficiary_2021.csv,Master Beneficiary Summary,178,CST_SHR_GRP_CD_05,text or coded value,False,8246,0,0.0,5,02
beneficiary_2021.csv,Master Beneficiary Summary,179,CST_SHR_GRP_CD_06,text or coded value,False,8246,0,0.0,5,02
beneficiary_2021.csv,Master Beneficiary Summary,180,CST_SHR_GRP_CD_07,text or coded value,False,8246,0,0.0,5,02
beneficiary_2021.csv,Master Beneficiary Summary,181,CST_SHR_GRP_CD_08,text or coded value,False,8246,0,0.0,5,02
beneficiary_2021.csv,Master Beneficiary Summary,182,CST_SHR_GRP_CD_09,text or coded value,False,8246,0,0.0,5,02
beneficiary_2021.csv,Master Beneficiary Summary,183,CST_SHR_GRP_CD_10,text or coded value,False,8246,0,0.0,5,02
beneficiary_2021.csv,Master Beneficiary Summary,184,CST_SHR_GRP_CD_11,text or coded value,False,8246,0,0.0,5,02
beneficiary_2021.csv,Master Beneficiary Summary,185,CST_SHR_GRP_CD_12,text or coded value,False,8246,0,0.0,5,02
beneficiary_2022.csv,Master Beneficiary Summary,1,BENE_ID,key,True,8671,0,0.0,8671,-10000010254618
beneficiary_2022.csv,Master Beneficiary Summary,2,STATE_CODE,dimension,True,8671,0,0.0,51,01
beneficiary_2022.csv,Master Beneficiary Summary,3,COUNTY_CD,dimension,True,8671,0,0.0,1597,1500
beneficiary_2022.csv,Master Beneficiary Summary,4,ZIP_CD,dimension,True,8671,0,0.0,5259,36109
beneficiary_2022.csv,Master Beneficiary Summary,5,BENE_BIRTH_DT,date,True,8671,0,0.0,7155,16-Aug-1999
beneficiary_2022.csv,Master Beneficiary Summary,6,SEX_IDENT_CD,dimension,True,8671,0,0.0,2,1
beneficiary_2022.csv,Master Beneficiary Summary,7,BENE_RACE_CD,dimension,True,8671,0,0.0,6,1
beneficiary_2022.csv,Master Beneficiary Summary,8,ENTLMT_RSN_ORIG,dimension,True,8671,0,0.0,4,1
beneficiary_2022.csv,Master Beneficiary Summary,9,ENTLMT_RSN_CURR,dimension,True,8671,0,0.0,4,1
beneficiary_2022.csv,Master Beneficiary Summary,10,ESRD_IND,dimension,True,8671,0,0.0,2,0
beneficiary_2022.csv,Master Beneficiary Summary,11,BENE_PTA_TRMNTN_CD,coded dimension,False,8671,0,0.0,1,0
beneficiary_2022.csv,Master Beneficiary Summary,12,BENE_PTB_TRMNTN_CD,coded dimension,False,8671,0,0.0,1,0
beneficiary_2022.csv,Master Beneficiary Summary,13,BENE_DEATH_DT,date,True,0,8671,100.0,0,
beneficiary_2022.csv,Master Beneficiary Summary,14,BENE_ENROLLMT_REF_YR,date,True,8671,0,0.0,1,2022
beneficiary_2022.csv,Master Beneficiary Summary,15,BENE_HI_CVRAGE_TOT_MONS,metric,True,8671,0,0.0,1,12
beneficiary_2022.csv,Master Beneficiary Summary,16,BENE_SMI_CVRAGE_TOT_MONS,metric,True,8671,0,0.0,1,12
beneficiary_2022.csv,Master Beneficiary Summary,17,BENE_STATE_BUYIN_TOT_MONS,text or coded value,False,8671,0,0.0,1,12
beneficiary_2022.csv,Master Beneficiary Summary,18,BENE_HMO_CVRAGE_TOT_MONS,metric,True,8671,0,0.0,1,0
beneficiary_2022.csv,Master Beneficiary Summary,19,RDS_CVRG_MONS,text or coded value,False,8671,0,0.0,3,0
beneficiary_2022.csv,Master Beneficiary Summary,20,ENRL_SRC,text or coded value,False,8671,0,0.0,1,CME
beneficiary_2022.csv,Master Beneficiary Summary,21,SAMPLE_GROUP,text or coded value,False,0,8671,100.0,0,
beneficiary_2022.csv,Master Beneficiary Summary,22,ENHANCED_FIVE_PERCENT_FLAG,text or coded value,False,8671,0,0.0,1, 
beneficiary_2022.csv,Master Beneficiary Summary,23,CRNT_BIC_CD,coded dimension,False,8671,0,0.0,22,A
beneficiary_2022.csv,Master Beneficiary Summary,24,AGE_AT_END_REF_YR,dimension,True,8671,0,0.0,111,23
beneficiary_2022.csv,Master Beneficiary Summary,25,COVSTART,text or coded value,False,8671,0,0.0,6068,08-Sep-1999
beneficiary_2022.csv,Master Beneficiary Summary,26,DUAL_ELGBL_MONS,metric,True,8671,0,0.0,1,0
beneficiary_2022.csv,Master Beneficiary Summary,27,STATE_CNTY_FIPS_CD_01,text or coded value,False,7384,1287,14.84,1482,1101
beneficiary_2022.csv,Master Beneficiary Summary,28,STATE_CNTY_FIPS_CD_02,text or coded value,False,7384,1287,14.84,1482,1101
beneficiary_2022.csv,Master Beneficiary Summary,29,STATE_CNTY_FIPS_CD_03,text or coded value,False,7384,1287,14.84,1482,1101
beneficiary_2022.csv,Master Beneficiary Summary,30,STATE_CNTY_FIPS_CD_04,text or coded value,False,7384,1287,14.84,1482,1101
beneficiary_2022.csv,Master Beneficiary Summary,31,STATE_CNTY_FIPS_CD_05,text or coded value,False,7384,1287,14.84,1482,1101
beneficiary_2022.csv,Master Beneficiary Summary,32,STATE_CNTY_FIPS_CD_06,text or coded value,False,7384,1287,14.84,1482,1101
beneficiary_2022.csv,Master Beneficiary Summary,33,STATE_CNTY_FIPS_CD_07,text or coded value,False,7384,1287,14.84,1482,1101
beneficiary_2022.csv,Master Beneficiary Summary,34,STATE_CNTY_FIPS_CD_08,text or coded value,False,7384,1287,14.84,1482,1101
beneficiary_2022.csv,Master Beneficiary Summary,35,STATE_CNTY_FIPS_CD_09,text or coded value,False,7384,1287,14.84,1482,1101
beneficiary_2022.csv,Master Beneficiary Summary,36,STATE_CNTY_FIPS_CD_10,text or coded value,False,7384,1287,14.84,1482,1101
beneficiary_2022.csv,Master Beneficiary Summary,37,STATE_CNTY_FIPS_CD_11,text or coded value,False,7384,1287,14.84,1482,1101
beneficiary_2022.csv,Master Beneficiary Summary,38,STATE_CNTY_FIPS_CD_12,text or coded value,False,7384,1287,14.84,1482,1101
beneficiary_2022.csv,Master Beneficiary Summary,39,VALID_DEATH_DT_SW,coded dimension,False,0,8671,100.0,0,
beneficiary_2022.csv,Master Beneficiary Summary,40,RTI_RACE_CD,dimension,True,8671,0,0.0,6,1
beneficiary_2022.csv,Master Beneficiary Summary,41,MDCR_STATUS_CODE_01,text or coded value,False,8671,0,0.0,5,20
beneficiary_2022.csv,Master Beneficiary Summary,42,MDCR_STATUS_CODE_02,text or coded value,False,8671,0,0.0,5,20
beneficiary_2022.csv,Master Beneficiary Summary,43,MDCR_STATUS_CODE_03,text or coded value,False,8671,0,0.0,5,20
beneficiary_2022.csv,Master Beneficiary Summary,44,MDCR_STATUS_CODE_04,text or coded value,False,8671,0,0.0,5,20
beneficiary_2022.csv,Master Beneficiary Summary,45,MDCR_STATUS_CODE_05,text or coded value,False,8671,0,0.0,5,20
beneficiary_2022.csv,Master Beneficiary Summary,46,MDCR_STATUS_CODE_06,text or coded value,False,8671,0,0.0,5,20
beneficiary_2022.csv,Master Beneficiary Summary,47,MDCR_STATUS_CODE_07,text or coded value,False,8671,0,0.0,5,20
beneficiary_2022.csv,Master Beneficiary Summary,48,MDCR_STATUS_CODE_08,text or coded value,False,8671,0,0.0,5,20
beneficiary_2022.csv,Master Beneficiary Summary,49,MDCR_STATUS_CODE_09,text or coded value,False,8671,0,0.0,5,20
beneficiary_2022.csv,Master Beneficiary Summary,50,MDCR_STATUS_CODE_10,text or coded value,False,8671,0,0.0,5,20
beneficiary_2022.csv,Master Beneficiary Summary,51,MDCR_STATUS_CODE_11,text or coded value,False,8671,0,0.0,5,20
beneficiary_2022.csv,Master Beneficiary Summary,52,MDCR_STATUS_CODE_12,text or coded value,False,8671,0,0.0,5,20
beneficiary_2022.csv,Master Beneficiary Summary,53,PTD_PLAN_CVRG_MONS,metric,True,8671,0,0.0,13,12
beneficiary_2022.csv,Master Beneficiary Summary,54,MDCR_ENTLMT_BUYIN_IND_01,text or coded value,False,8671,0,0.0,3,3
beneficiary_2022.csv,Master Beneficiary Summary,55,MDCR_ENTLMT_BUYIN_IND_02,text or coded value,False,8671,0,0.0,3,3
beneficiary_2022.csv,Master Beneficiary Summary,56,MDCR_ENTLMT_BUYIN_IND_03,text or coded value,False,8671,0,0.0,3,3
beneficiary_2022.csv,Master Beneficiary Summary,57,MDCR_ENTLMT_BUYIN_IND_04,text or coded value,False,8671,0,0.0,3,3
beneficiary_2022.csv,Master Beneficiary Summary,58,MDCR_ENTLMT_BUYIN_IND_05,text or coded value,False,8671,0,0.0,3,3
beneficiary_2022.csv,Master Beneficiary Summary,59,MDCR_ENTLMT_BUYIN_IND_06,text or coded value,False,8671,0,0.0,3,3
beneficiary_2022.csv,Master Beneficiary Summary,60,MDCR_ENTLMT_BUYIN_IND_07,text or coded value,False,8671,0,0.0,3,3
beneficiary_2022.csv,Master Beneficiary Summary,61,MDCR_ENTLMT_BUYIN_IND_08,text or coded value,False,8671,0,0.0,3,3
beneficiary_2022.csv,Master Beneficiary Summary,62,MDCR_ENTLMT_BUYIN_IND_09,text or coded value,False,8671,0,0.0,3,3
beneficiary_2022.csv,Master Beneficiary Summary,63,MDCR_ENTLMT_BUYIN_IND_10,text or coded value,False,8671,0,0.0,3,3
beneficiary_2022.csv,Master Beneficiary Summary,64,MDCR_ENTLMT_BUYIN_IND_11,text or coded value,False,8671,0,0.0,3,3
beneficiary_2022.csv,Master Beneficiary Summary,65,MDCR_ENTLMT_BUYIN_IND_12,text or coded value,False,8671,0,0.0,3,3
beneficiary_2022.csv,Master Beneficiary Summary,66,HMO_IND_01,text or coded value,False,0,8671,100.0,0,
beneficiary_2022.csv,Master Beneficiary Summary,67,HMO_IND_02,text or coded value,False,0,8671,100.0,0,
beneficiary_2022.csv,Master Beneficiary Summary,68,HMO_IND_03,text or coded value,False,0,8671,100.0,0,
beneficiary_2022.csv,Master Beneficiary Summary,69,HMO_IND_04,text or coded value,False,0,8671,100.0,0,
beneficiary_2022.csv,Master Beneficiary Summary,70,HMO_IND_05,text or coded value,False,0,8671,100.0,0,
beneficiary_2022.csv,Master Beneficiary Summary,71,HMO_IND_06,text or coded value,False,0,8671,100.0,0,
beneficiary_2022.csv,Master Beneficiary Summary,72,HMO_IND_07,text or coded value,False,0,8671,100.0,0,
beneficiary_2022.csv,Master Beneficiary Summary,73,HMO_IND_08,text or coded value,False,0,8671,100.0,0,
beneficiary_2022.csv,Master Beneficiary Summary,74,HMO_IND_09,text or coded value,False,0,8671,100.0,0,
beneficiary_2022.csv,Master Beneficiary Summary,75,HMO_IND_10,text or coded value,False,0,8671,100.0,0,
beneficiary_2022.csv,Master Beneficiary Summary,76,HMO_IND_11,text or coded value,False,0,8671,100.0,0,
beneficiary_2022.csv,Master Beneficiary Summary,77,HMO_IND_12,text or coded value,False,0,8671,100.0,0,
beneficiary_2022.csv,Master Beneficiary Summary,78,PTC_CNTRCT_ID_01,text or coded value,False,5130,3541,40.84,10,Y0004
beneficiary_2022.csv,Master Beneficiary Summary,79,PTC_CNTRCT_ID_02,text or coded value,False,5124,3547,40.91,10,Y0004
beneficiary_2022.csv,Master Beneficiary Summary,80,PTC_CNTRCT_ID_03,text or coded value,False,5123,3548,40.92,10,Y0004
beneficiary_2022.csv,Master Beneficiary Summary,81,PTC_CNTRCT_ID_04,text or coded value,False,5104,3567,41.14,10,Y0004
beneficiary_2022.csv,Master Beneficiary Summary,82,PTC_CNTRCT_ID_05,text or coded value,False,5114,3557,41.02,10,Y0004
beneficiary_2022.csv,Master Beneficiary Summary,83,PTC_CNTRCT_ID_06,text or coded value,False,5120,3551,40.95,10,Y0004
beneficiary_2022.csv,Master Beneficiary Summary,84,PTC_CNTRCT_ID_07,text or coded value,False,5132,3539,40.81,10,Y0004
beneficiary_2022.csv,Master Beneficiary Summary,85,PTC_CNTRCT_ID_08,text or coded value,False,5132,3539,40.81,10,Y0004
beneficiary_2022.csv,Master Beneficiary Summary,86,PTC_CNTRCT_ID_09,text or coded value,False,5132,3539,40.81,10,Y0004
beneficiary_2022.csv,Master Beneficiary Summary,87,PTC_CNTRCT_ID_10,text or coded value,False,5142,3529,40.7,10,Y0004
beneficiary_2022.csv,Master Beneficiary Summary,88,PTC_CNTRCT_ID_11,text or coded value,False,5130,3541,40.84,10,Y0004
beneficiary_2022.csv,Master Beneficiary Summary,89,PTC_CNTRCT_ID_12,text or coded value,False,5118,3553,40.98,10,Y0004
beneficiary_2022.csv,Master Beneficiary Summary,90,PTC_PBP_ID_01,text or coded value,False,5130,3541,40.84,5,800
beneficiary_2022.csv,Master Beneficiary Summary,91,PTC_PBP_ID_02,text or coded value,False,5124,3547,40.91,5,800
beneficiary_2022.csv,Master Beneficiary Summary,92,PTC_PBP_ID_03,text or coded value,False,5123,3548,40.92,5,800
beneficiary_2022.csv,Master Beneficiary Summary,93,PTC_PBP_ID_04,text or coded value,False,5104,3567,41.14,5,800
beneficiary_2022.csv,Master Beneficiary Summary,94,PTC_PBP_ID_05,text or coded value,False,5114,3557,41.02,5,800
beneficiary_2022.csv,Master Beneficiary Summary,95,PTC_PBP_ID_06,text or coded value,False,5120,3551,40.95,5,800
beneficiary_2022.csv,Master Beneficiary Summary,96,PTC_PBP_ID_07,text or coded value,False,5132,3539,40.81,5,800
beneficiary_2022.csv,Master Beneficiary Summary,97,PTC_PBP_ID_08,text or coded value,False,5132,3539,40.81,5,800
beneficiary_2022.csv,Master Beneficiary Summary,98,PTC_PBP_ID_09,text or coded value,False,5132,3539,40.81,5,800
beneficiary_2022.csv,Master Beneficiary Summary,99,PTC_PBP_ID_10,text or coded value,False,5142,3529,40.7,5,800
beneficiary_2022.csv,Master Beneficiary Summary,100,PTC_PBP_ID_11,text or coded value,False,5130,3541,40.84,5,800
beneficiary_2022.csv,Master Beneficiary Summary,101,PTC_PBP_ID_12,text or coded value,False,5118,3553,40.98,5,800
beneficiary_2022.csv,Master Beneficiary Summary,102,PTC_PLAN_TYPE_CD_01,text or coded value,False,0,8671,100.0,0,
beneficiary_2022.csv,Master Beneficiary Summary,103,PTC_PLAN_TYPE_CD_02,text or coded value,False,0,8671,100.0,0,
beneficiary_2022.csv,Master Beneficiary Summary,104,PTC_PLAN_TYPE_CD_03,text or coded value,False,0,8671,100.0,0,
beneficiary_2022.csv,Master Beneficiary Summary,105,PTC_PLAN_TYPE_CD_04,text or coded value,False,0,8671,100.0,0,
beneficiary_2022.csv,Master Beneficiary Summary,106,PTC_PLAN_TYPE_CD_05,text or coded value,False,0,8671,100.0,0,
beneficiary_2022.csv,Master Beneficiary Summary,107,PTC_PLAN_TYPE_CD_06,text or coded value,False,0,8671,100.0,0,
beneficiary_2022.csv,Master Beneficiary Summary,108,PTC_PLAN_TYPE_CD_07,text or coded value,False,0,8671,100.0,0,
beneficiary_2022.csv,Master Beneficiary Summary,109,PTC_PLAN_TYPE_CD_08,text or coded value,False,0,8671,100.0,0,
beneficiary_2022.csv,Master Beneficiary Summary,110,PTC_PLAN_TYPE_CD_09,text or coded value,False,0,8671,100.0,0,
beneficiary_2022.csv,Master Beneficiary Summary,111,PTC_PLAN_TYPE_CD_10,text or coded value,False,0,8671,100.0,0,
beneficiary_2022.csv,Master Beneficiary Summary,112,PTC_PLAN_TYPE_CD_11,text or coded value,False,0,8671,100.0,0,
beneficiary_2022.csv,Master Beneficiary Summary,113,PTC_PLAN_TYPE_CD_12,text or coded value,False,0,8671,100.0,0,
beneficiary_2022.csv,Master Beneficiary Summary,114,PTD_CNTRCT_ID_01,text or coded value,False,6079,2592,29.89,11,Z0004
beneficiary_2022.csv,Master Beneficiary Summary,115,PTD_CNTRCT_ID_02,text or coded value,False,6071,2600,29.99,11,Z0004
beneficiary_2022.csv,Master Beneficiary Summary,116,PTD_CNTRCT_ID_03,text or coded value,False,6070,2601,30.0,11,Z0004
beneficiary_2022.csv,Master Beneficiary Summary,117,PTD_CNTRCT_ID_04,text or coded value,False,6067,2604,30.03,11,Z0004
beneficiary_2022.csv,Master Beneficiary Summary,118,PTD_CNTRCT_ID_05,text or coded value,False,6058,2613,30.13,11,Z0004
beneficiary_2022.csv,Master Beneficiary Summary,119,PTD_CNTRCT_ID_06,text or coded value,False,6050,2621,30.23,11,Z0004
beneficiary_2022.csv,Master Beneficiary Summary,120,PTD_CNTRCT_ID_07,text or coded value,False,6041,2630,30.33,11,Z0004
beneficiary_2022.csv,Master Beneficiary Summary,121,PTD_CNTRCT_ID_08,text or coded value,False,6042,2629,30.32,11,Z0004
beneficiary_2022.csv,Master Beneficiary Summary,122,PTD_CNTRCT_ID_09,text or coded value,False,6032,2639,30.43,11,Z0004
beneficiary_2022.csv,Master Beneficiary Summary,123,PTD_CNTRCT_ID_10,text or coded value,False,6026,2645,30.5,11,Z0004
beneficiary_2022.csv,Master Beneficiary Summary,124,PTD_CNTRCT_ID_11,text or coded value,False,6034,2637,30.41,11,Z0004
beneficiary_2022.csv,Master Beneficiary Summary,125,PTD_CNTRCT_ID_12,text or coded value,False,6027,2644,30.49,10,Z0004
beneficiary_2022.csv,Master Beneficiary Summary,126,PTD_PBP_ID_01,text or coded value,False,5786,2885,33.27,5,804
beneficiary_2022.csv,Master Beneficiary Summary,127,PTD_PBP_ID_02,text or coded value,False,5797,2874,33.14,5,804
beneficiary_2022.csv,Master Beneficiary Summary,128,PTD_PBP_ID_03,text or coded value,False,5824,2847,32.83,5,804
beneficiary_2022.csv,Master Beneficiary Summary,129,PTD_PBP_ID_04,text or coded value,False,5843,2828,32.61,5,804
beneficiary_2022.csv,Master Beneficiary Summary,130,PTD_PBP_ID_05,text or coded value,False,5861,2810,32.41,5,804
beneficiary_2022.csv,Master Beneficiary Summary,131,PTD_PBP_ID_06,text or coded value,False,5882,2789,32.16,5,804
beneficiary_2022.csv,Master Beneficiary Summary,132,PTD_PBP_ID_07,text or coded value,False,5902,2769,31.93,5,804
beneficiary_2022.csv,Master Beneficiary Summary,133,PTD_PBP_ID_08,text or coded value,False,5933,2738,31.58,5,804
beneficiary_2022.csv,Master Beneficiary Summary,134,PTD_PBP_ID_09,text or coded value,False,5948,2723,31.4,5,804
beneficiary_2022.csv,Master Beneficiary Summary,135,PTD_PBP_ID_10,text or coded value,False,5971,2700,31.14,5,804
beneficiary_2022.csv,Master Beneficiary Summary,136,PTD_PBP_ID_11,text or coded value,False,6003,2668,30.77,5,804
beneficiary_2022.csv,Master Beneficiary Summary,137,PTD_PBP_ID_12,text or coded value,False,6027,2644,30.49,5,804
beneficiary_2022.csv,Master Beneficiary Summary,138,PTD_SGMT_ID_01,text or coded value,False,5786,2885,33.27,1,000
beneficiary_2022.csv,Master Beneficiary Summary,139,PTD_SGMT_ID_02,text or coded value,False,5797,2874,33.14,1,000
beneficiary_2022.csv,Master Beneficiary Summary,140,PTD_SGMT_ID_03,text or coded value,False,5824,2847,32.83,1,000
beneficiary_2022.csv,Master Beneficiary Summary,141,PTD_SGMT_ID_04,text or coded value,False,5843,2828,32.61,1,000
beneficiary_2022.csv,Master Beneficiary Summary,142,PTD_SGMT_ID_05,text or coded value,False,5861,2810,32.41,1,000
beneficiary_2022.csv,Master Beneficiary Summary,143,PTD_SGMT_ID_06,text or coded value,False,5882,2789,32.16,1,000
beneficiary_2022.csv,Master Beneficiary Summary,144,PTD_SGMT_ID_07,text or coded value,False,5902,2769,31.93,1,000
beneficiary_2022.csv,Master Beneficiary Summary,145,PTD_SGMT_ID_08,text or coded value,False,5933,2738,31.58,1,000
beneficiary_2022.csv,Master Beneficiary Summary,146,PTD_SGMT_ID_09,text or coded value,False,5948,2723,31.4,1,000
beneficiary_2022.csv,Master Beneficiary Summary,147,PTD_SGMT_ID_10,text or coded value,False,5971,2700,31.14,1,000
beneficiary_2022.csv,Master Beneficiary Summary,148,PTD_SGMT_ID_11,text or coded value,False,6003,2668,30.77,1,000
beneficiary_2022.csv,Master Beneficiary Summary,149,PTD_SGMT_ID_12,text or coded value,False,6027,2644,30.49,1,000
beneficiary_2022.csv,Master Beneficiary Summary,150,RDS_IND_01,text or coded value,False,6079,2592,29.89,3,N
beneficiary_2022.csv,Master Beneficiary Summary,151,RDS_IND_02,text or coded value,False,6071,2600,29.99,3,N
beneficiary_2022.csv,Master Beneficiary Summary,152,RDS_IND_03,text or coded value,False,6070,2601,30.0,3,N
beneficiary_2022.csv,Master Beneficiary Summary,153,RDS_IND_04,text or coded value,False,6067,2604,30.03,3,N
beneficiary_2022.csv,Master Beneficiary Summary,154,RDS_IND_05,text or coded value,False,6058,2613,30.13,3,N
beneficiary_2022.csv,Master Beneficiary Summary,155,RDS_IND_06,text or coded value,False,6050,2621,30.23,3,N
beneficiary_2022.csv,Master Beneficiary Summary,156,RDS_IND_07,text or coded value,False,6041,2630,30.33,3,N
beneficiary_2022.csv,Master Beneficiary Summary,157,RDS_IND_08,text or coded value,False,6042,2629,30.32,3,N
beneficiary_2022.csv,Master Beneficiary Summary,158,RDS_IND_09,text or coded value,False,6032,2639,30.43,3,N
beneficiary_2022.csv,Master Beneficiary Summary,159,RDS_IND_10,text or coded value,False,6026,2645,30.5,3,N
beneficiary_2022.csv,Master Beneficiary Summary,160,RDS_IND_11,text or coded value,False,6034,2637,30.41,3,N
beneficiary_2022.csv,Master Beneficiary Summary,161,RDS_IND_12,text or coded value,False,6027,2644,30.49,2,N
beneficiary_2022.csv,Master Beneficiary Summary,162,DUAL_STUS_CD_01,text or coded value,False,8652,19,0.22,11,NA
beneficiary_2022.csv,Master Beneficiary Summary,163,DUAL_STUS_CD_02,text or coded value,False,8652,19,0.22,11,NA
beneficiary_2022.csv,Master Beneficiary Summary,164,DUAL_STUS_CD_03,text or coded value,False,8652,19,0.22,11,NA
beneficiary_2022.csv,Master Beneficiary Summary,165,DUAL_STUS_CD_04,text or coded value,False,8652,19,0.22,11,NA
beneficiary_2022.csv,Master Beneficiary Summary,166,DUAL_STUS_CD_05,text or coded value,False,8652,19,0.22,11,NA
beneficiary_2022.csv,Master Beneficiary Summary,167,DUAL_STUS_CD_06,text or coded value,False,8652,19,0.22,11,NA
beneficiary_2022.csv,Master Beneficiary Summary,168,DUAL_STUS_CD_07,text or coded value,False,8652,19,0.22,11,NA
beneficiary_2022.csv,Master Beneficiary Summary,169,DUAL_STUS_CD_08,text or coded value,False,8652,19,0.22,11,NA
beneficiary_2022.csv,Master Beneficiary Summary,170,DUAL_STUS_CD_09,text or coded value,False,8652,19,0.22,11,NA
beneficiary_2022.csv,Master Beneficiary Summary,171,DUAL_STUS_CD_10,text or coded value,False,8652,19,0.22,11,NA
beneficiary_2022.csv,Master Beneficiary Summary,172,DUAL_STUS_CD_11,text or coded value,False,8652,19,0.22,11,NA
beneficiary_2022.csv,Master Beneficiary Summary,173,DUAL_STUS_CD_12,text or coded value,False,8652,19,0.22,10,NA
beneficiary_2022.csv,Master Beneficiary Summary,174,CST_SHR_GRP_CD_01,text or coded value,False,8671,0,0.0,5,02
beneficiary_2022.csv,Master Beneficiary Summary,175,CST_SHR_GRP_CD_02,text or coded value,False,8671,0,0.0,5,02
beneficiary_2022.csv,Master Beneficiary Summary,176,CST_SHR_GRP_CD_03,text or coded value,False,8671,0,0.0,5,02
beneficiary_2022.csv,Master Beneficiary Summary,177,CST_SHR_GRP_CD_04,text or coded value,False,8671,0,0.0,5,02
beneficiary_2022.csv,Master Beneficiary Summary,178,CST_SHR_GRP_CD_05,text or coded value,False,8671,0,0.0,5,02
beneficiary_2022.csv,Master Beneficiary Summary,179,CST_SHR_GRP_CD_06,text or coded value,False,8671,0,0.0,5,02
beneficiary_2022.csv,Master Beneficiary Summary,180,CST_SHR_GRP_CD_07,text or coded value,False,8671,0,0.0,5,02
beneficiary_2022.csv,Master Beneficiary Summary,181,CST_SHR_GRP_CD_08,text or coded value,False,8671,0,0.0,5,02
beneficiary_2022.csv,Master Beneficiary Summary,182,CST_SHR_GRP_CD_09,text or coded value,False,8671,0,0.0,5,02
beneficiary_2022.csv,Master Beneficiary Summary,183,CST_SHR_GRP_CD_10,text or coded value,False,8671,0,0.0,5,02
beneficiary_2022.csv,Master Beneficiary Summary,184,CST_SHR_GRP_CD_11,text or coded value,False,8671,0,0.0,5,02
beneficiary_2022.csv,Master Beneficiary Summary,185,CST_SHR_GRP_CD_12,text or coded value,False,8671,0,0.0,5,02
beneficiary_2023.csv,Master Beneficiary Summary,1,BENE_ID,key,True,9179,0,0.0,9179,-10000010254618
beneficiary_2023.csv,Master Beneficiary Summary,2,STATE_CODE,dimension,True,9179,0,0.0,51,01
beneficiary_2023.csv,Master Beneficiary Summary,3,COUNTY_CD,dimension,True,9179,0,0.0,1634,1500
beneficiary_2023.csv,Master Beneficiary Summary,4,ZIP_CD,dimension,True,9179,0,0.0,5506,36109
beneficiary_2023.csv,Master Beneficiary Summary,5,BENE_BIRTH_DT,date,True,9179,0,0.0,7467,16-Aug-1999
beneficiary_2023.csv,Master Beneficiary Summary,6,SEX_IDENT_CD,dimension,True,9179,0,0.0,2,1
beneficiary_2023.csv,Master Beneficiary Summary,7,BENE_RACE_CD,dimension,True,9179,0,0.0,6,1
beneficiary_2023.csv,Master Beneficiary Summary,8,ENTLMT_RSN_ORIG,dimension,True,9179,0,0.0,4,1
beneficiary_2023.csv,Master Beneficiary Summary,9,ENTLMT_RSN_CURR,dimension,True,9179,0,0.0,4,1
beneficiary_2023.csv,Master Beneficiary Summary,10,ESRD_IND,dimension,True,9179,0,0.0,2,0
beneficiary_2023.csv,Master Beneficiary Summary,11,BENE_PTA_TRMNTN_CD,coded dimension,False,9179,0,0.0,1,0
beneficiary_2023.csv,Master Beneficiary Summary,12,BENE_PTB_TRMNTN_CD,coded dimension,False,9179,0,0.0,1,0
beneficiary_2023.csv,Master Beneficiary Summary,13,BENE_DEATH_DT,date,True,0,9179,100.0,0,
beneficiary_2023.csv,Master Beneficiary Summary,14,BENE_ENROLLMT_REF_YR,date,True,9179,0,0.0,1,2023
beneficiary_2023.csv,Master Beneficiary Summary,15,BENE_HI_CVRAGE_TOT_MONS,metric,True,9179,0,0.0,1,12
beneficiary_2023.csv,Master Beneficiary Summary,16,BENE_SMI_CVRAGE_TOT_MONS,metric,True,9179,0,0.0,1,12
beneficiary_2023.csv,Master Beneficiary Summary,17,BENE_STATE_BUYIN_TOT_MONS,text or coded value,False,9179,0,0.0,1,12
beneficiary_2023.csv,Master Beneficiary Summary,18,BENE_HMO_CVRAGE_TOT_MONS,metric,True,9179,0,0.0,1,0
beneficiary_2023.csv,Master Beneficiary Summary,19,RDS_CVRG_MONS,text or coded value,False,9179,0,0.0,4,0
beneficiary_2023.csv,Master Beneficiary Summary,20,ENRL_SRC,text or coded value,False,9179,0,0.0,1,CME
beneficiary_2023.csv,Master Beneficiary Summary,21,SAMPLE_GROUP,text or coded value,False,0,9179,100.0,0,
beneficiary_2023.csv,Master Beneficiary Summary,22,ENHANCED_FIVE_PERCENT_FLAG,text or coded value,False,9179,0,0.0,1, 
beneficiary_2023.csv,Master Beneficiary Summary,23,CRNT_BIC_CD,coded dimension,False,9179,0,0.0,22,C1
beneficiary_2023.csv,Master Beneficiary Summary,24,AGE_AT_END_REF_YR,dimension,True,9179,0,0.0,112,24
beneficiary_2023.csv,Master Beneficiary Summary,25,COVSTART,text or coded value,False,9179,0,0.0,6339,08-Sep-1999
beneficiary_2023.csv,Master Beneficiary Summary,26,DUAL_ELGBL_MONS,metric,True,9179,0,0.0,1,0
beneficiary_2023.csv,Master Beneficiary Summary,27,STATE_CNTY_FIPS_CD_01,text or coded value,False,7818,1361,14.83,1519,1101
beneficiary_2023.csv,Master Beneficiary Summary,28,STATE_CNTY_FIPS_CD_02,text or coded value,False,7818,1361,14.83,1519,1101
beneficiary_2023.csv,Master Beneficiary Summary,29,STATE_CNTY_FIPS_CD_03,text or coded value,False,7818,1361,14.83,1519,1101
beneficiary_2023.csv,Master Beneficiary Summary,30,STATE_CNTY_FIPS_CD_04,text or coded value,False,7818,1361,14.83,1519,1101
beneficiary_2023.csv,Master Beneficiary Summary,31,STATE_CNTY_FIPS_CD_05,text or coded value,False,7818,1361,14.83,1519,1101
beneficiary_2023.csv,Master Beneficiary Summary,32,STATE_CNTY_FIPS_CD_06,text or coded value,False,7818,1361,14.83,1519,1101
beneficiary_2023.csv,Master Beneficiary Summary,33,STATE_CNTY_FIPS_CD_07,text or coded value,False,7818,1361,14.83,1519,1101
beneficiary_2023.csv,Master Beneficiary Summary,34,STATE_CNTY_FIPS_CD_08,text or coded value,False,7818,1361,14.83,1519,1101
beneficiary_2023.csv,Master Beneficiary Summary,35,STATE_CNTY_FIPS_CD_09,text or coded value,False,7818,1361,14.83,1519,1101
beneficiary_2023.csv,Master Beneficiary Summary,36,STATE_CNTY_FIPS_CD_10,text or coded value,False,7818,1361,14.83,1519,1101
beneficiary_2023.csv,Master Beneficiary Summary,37,STATE_CNTY_FIPS_CD_11,text or coded value,False,7818,1361,14.83,1519,1101
beneficiary_2023.csv,Master Beneficiary Summary,38,STATE_CNTY_FIPS_CD_12,text or coded value,False,7818,1361,14.83,1519,1101
beneficiary_2023.csv,Master Beneficiary Summary,39,VALID_DEATH_DT_SW,coded dimension,False,0,9179,100.0,0,
beneficiary_2023.csv,Master Beneficiary Summary,40,RTI_RACE_CD,dimension,True,9179,0,0.0,6,1
beneficiary_2023.csv,Master Beneficiary Summary,41,MDCR_STATUS_CODE_01,text or coded value,False,9179,0,0.0,5,20
beneficiary_2023.csv,Master Beneficiary Summary,42,MDCR_STATUS_CODE_02,text or coded value,False,9179,0,0.0,5,20
beneficiary_2023.csv,Master Beneficiary Summary,43,MDCR_STATUS_CODE_03,text or coded value,False,9179,0,0.0,5,20
beneficiary_2023.csv,Master Beneficiary Summary,44,MDCR_STATUS_CODE_04,text or coded value,False,9179,0,0.0,5,20
beneficiary_2023.csv,Master Beneficiary Summary,45,MDCR_STATUS_CODE_05,text or coded value,False,9179,0,0.0,5,20
beneficiary_2023.csv,Master Beneficiary Summary,46,MDCR_STATUS_CODE_06,text or coded value,False,9179,0,0.0,5,20
beneficiary_2023.csv,Master Beneficiary Summary,47,MDCR_STATUS_CODE_07,text or coded value,False,9179,0,0.0,5,20
beneficiary_2023.csv,Master Beneficiary Summary,48,MDCR_STATUS_CODE_08,text or coded value,False,9179,0,0.0,5,20
beneficiary_2023.csv,Master Beneficiary Summary,49,MDCR_STATUS_CODE_09,text or coded value,False,9179,0,0.0,5,20
beneficiary_2023.csv,Master Beneficiary Summary,50,MDCR_STATUS_CODE_10,text or coded value,False,9179,0,0.0,5,20
beneficiary_2023.csv,Master Beneficiary Summary,51,MDCR_STATUS_CODE_11,text or coded value,False,9179,0,0.0,5,20
beneficiary_2023.csv,Master Beneficiary Summary,52,MDCR_STATUS_CODE_12,text or coded value,False,9179,0,0.0,5,20
beneficiary_2023.csv,Master Beneficiary Summary,53,PTD_PLAN_CVRG_MONS,metric,True,9179,0,0.0,13,12
beneficiary_2023.csv,Master Beneficiary Summary,54,MDCR_ENTLMT_BUYIN_IND_01,text or coded value,False,9179,0,0.0,3,3
beneficiary_2023.csv,Master Beneficiary Summary,55,MDCR_ENTLMT_BUYIN_IND_02,text or coded value,False,9179,0,0.0,3,3
beneficiary_2023.csv,Master Beneficiary Summary,56,MDCR_ENTLMT_BUYIN_IND_03,text or coded value,False,9179,0,0.0,3,3
beneficiary_2023.csv,Master Beneficiary Summary,57,MDCR_ENTLMT_BUYIN_IND_04,text or coded value,False,9179,0,0.0,3,3
beneficiary_2023.csv,Master Beneficiary Summary,58,MDCR_ENTLMT_BUYIN_IND_05,text or coded value,False,9179,0,0.0,3,3
beneficiary_2023.csv,Master Beneficiary Summary,59,MDCR_ENTLMT_BUYIN_IND_06,text or coded value,False,9179,0,0.0,3,3
beneficiary_2023.csv,Master Beneficiary Summary,60,MDCR_ENTLMT_BUYIN_IND_07,text or coded value,False,9179,0,0.0,3,3
beneficiary_2023.csv,Master Beneficiary Summary,61,MDCR_ENTLMT_BUYIN_IND_08,text or coded value,False,9179,0,0.0,3,3
beneficiary_2023.csv,Master Beneficiary Summary,62,MDCR_ENTLMT_BUYIN_IND_09,text or coded value,False,9179,0,0.0,3,3
beneficiary_2023.csv,Master Beneficiary Summary,63,MDCR_ENTLMT_BUYIN_IND_10,text or coded value,False,9179,0,0.0,3,3
beneficiary_2023.csv,Master Beneficiary Summary,64,MDCR_ENTLMT_BUYIN_IND_11,text or coded value,False,9179,0,0.0,3,3
beneficiary_2023.csv,Master Beneficiary Summary,65,MDCR_ENTLMT_BUYIN_IND_12,text or coded value,False,9179,0,0.0,3,3
beneficiary_2023.csv,Master Beneficiary Summary,66,HMO_IND_01,text or coded value,False,0,9179,100.0,0,
beneficiary_2023.csv,Master Beneficiary Summary,67,HMO_IND_02,text or coded value,False,0,9179,100.0,0,
beneficiary_2023.csv,Master Beneficiary Summary,68,HMO_IND_03,text or coded value,False,0,9179,100.0,0,
beneficiary_2023.csv,Master Beneficiary Summary,69,HMO_IND_04,text or coded value,False,0,9179,100.0,0,
beneficiary_2023.csv,Master Beneficiary Summary,70,HMO_IND_05,text or coded value,False,0,9179,100.0,0,
beneficiary_2023.csv,Master Beneficiary Summary,71,HMO_IND_06,text or coded value,False,0,9179,100.0,0,
beneficiary_2023.csv,Master Beneficiary Summary,72,HMO_IND_07,text or coded value,False,0,9179,100.0,0,
beneficiary_2023.csv,Master Beneficiary Summary,73,HMO_IND_08,text or coded value,False,0,9179,100.0,0,
beneficiary_2023.csv,Master Beneficiary Summary,74,HMO_IND_09,text or coded value,False,0,9179,100.0,0,
beneficiary_2023.csv,Master Beneficiary Summary,75,HMO_IND_10,text or coded value,False,0,9179,100.0,0,
beneficiary_2023.csv,Master Beneficiary Summary,76,HMO_IND_11,text or coded value,False,0,9179,100.0,0,
beneficiary_2023.csv,Master Beneficiary Summary,77,HMO_IND_12,text or coded value,False,0,9179,100.0,0,
beneficiary_2023.csv,Master Beneficiary Summary,78,PTC_CNTRCT_ID_01,text or coded value,False,5408,3771,41.08,10,Y0008
beneficiary_2023.csv,Master Beneficiary Summary,79,PTC_CNTRCT_ID_02,text or coded value,False,5403,3776,41.14,10,Y0008
beneficiary_2023.csv,Master Beneficiary Summary,80,PTC_CNTRCT_ID_03,text or coded value,False,5406,3773,41.1,10,Y0008
beneficiary_2023.csv,Master Beneficiary Summary,81,PTC_CNTRCT_ID_04,text or coded value,False,5414,3765,41.02,10,Y0008
beneficiary_2023.csv,Master Beneficiary Summary,82,PTC_CNTRCT_ID_05,text or coded value,False,5416,3763,41.0,10,Y0008
beneficiary_2023.csv,Master Beneficiary Summary,83,PTC_CNTRCT_ID_06,text or coded value,False,5412,3767,41.04,10,Y0008
beneficiary_2023.csv,Master Beneficiary Summary,84,PTC_CNTRCT_ID_07,text or coded value,False,5392,3787,41.26,10,Y0008
beneficiary_2023.csv,Master Beneficiary Summary,85,PTC_CNTRCT_ID_08,text or coded value,False,5396,3783,41.21,10,Y0008
beneficiary_2023.csv,Master Beneficiary Summary,86,PTC_CNTRCT_ID_09,text or coded value,False,5398,3781,41.19,10,Y0008
beneficiary_2023.csv,Master Beneficiary Summary,87,PTC_CNTRCT_ID_10,text or coded value,False,5400,3779,41.17,10,Y0008
beneficiary_2023.csv,Master Beneficiary Summary,88,PTC_CNTRCT_ID_11,text or coded value,False,5405,3774,41.12,10,Y0008
beneficiary_2023.csv,Master Beneficiary Summary,89,PTC_CNTRCT_ID_12,text or coded value,False,5402,3777,41.15,10,Y0008
beneficiary_2023.csv,Master Beneficiary Summary,90,PTC_PBP_ID_01,text or coded value,False,5408,3771,41.08,5,803
beneficiary_2023.csv,Master Beneficiary Summary,91,PTC_PBP_ID_02,text or coded value,False,5403,3776,41.14,5,803
beneficiary_2023.csv,Master Beneficiary Summary,92,PTC_PBP_ID_03,text or coded value,False,5406,3773,41.1,5,803
beneficiary_2023.csv,Master Beneficiary Summary,93,PTC_PBP_ID_04,text or coded value,False,5414,3765,41.02,5,803
beneficiary_2023.csv,Master Beneficiary Summary,94,PTC_PBP_ID_05,text or coded value,False,5416,3763,41.0,5,803
beneficiary_2023.csv,Master Beneficiary Summary,95,PTC_PBP_ID_06,text or coded value,False,5412,3767,41.04,5,803
beneficiary_2023.csv,Master Beneficiary Summary,96,PTC_PBP_ID_07,text or coded value,False,5392,3787,41.26,5,803
beneficiary_2023.csv,Master Beneficiary Summary,97,PTC_PBP_ID_08,text or coded value,False,5396,3783,41.21,5,803
beneficiary_2023.csv,Master Beneficiary Summary,98,PTC_PBP_ID_09,text or coded value,False,5398,3781,41.19,5,803
beneficiary_2023.csv,Master Beneficiary Summary,99,PTC_PBP_ID_10,text or coded value,False,5400,3779,41.17,5,803
beneficiary_2023.csv,Master Beneficiary Summary,100,PTC_PBP_ID_11,text or coded value,False,5405,3774,41.12,5,803
beneficiary_2023.csv,Master Beneficiary Summary,101,PTC_PBP_ID_12,text or coded value,False,5402,3777,41.15,5,803
beneficiary_2023.csv,Master Beneficiary Summary,102,PTC_PLAN_TYPE_CD_01,text or coded value,False,0,9179,100.0,0,
beneficiary_2023.csv,Master Beneficiary Summary,103,PTC_PLAN_TYPE_CD_02,text or coded value,False,0,9179,100.0,0,
beneficiary_2023.csv,Master Beneficiary Summary,104,PTC_PLAN_TYPE_CD_03,text or coded value,False,0,9179,100.0,0,
beneficiary_2023.csv,Master Beneficiary Summary,105,PTC_PLAN_TYPE_CD_04,text or coded value,False,0,9179,100.0,0,
beneficiary_2023.csv,Master Beneficiary Summary,106,PTC_PLAN_TYPE_CD_05,text or coded value,False,0,9179,100.0,0,
beneficiary_2023.csv,Master Beneficiary Summary,107,PTC_PLAN_TYPE_CD_06,text or coded value,False,0,9179,100.0,0,
beneficiary_2023.csv,Master Beneficiary Summary,108,PTC_PLAN_TYPE_CD_07,text or coded value,False,0,9179,100.0,0,
beneficiary_2023.csv,Master Beneficiary Summary,109,PTC_PLAN_TYPE_CD_08,text or coded value,False,0,9179,100.0,0,
beneficiary_2023.csv,Master Beneficiary Summary,110,PTC_PLAN_TYPE_CD_09,text or coded value,False,0,9179,100.0,0,
beneficiary_2023.csv,Master Beneficiary Summary,111,PTC_PLAN_TYPE_CD_10,text or coded value,False,0,9179,100.0,0,
beneficiary_2023.csv,Master Beneficiary Summary,112,PTC_PLAN_TYPE_CD_11,text or coded value,False,0,9179,100.0,0,
beneficiary_2023.csv,Master Beneficiary Summary,113,PTC_PLAN_TYPE_CD_12,text or coded value,False,0,9179,100.0,0,
beneficiary_2023.csv,Master Beneficiary Summary,114,PTD_CNTRCT_ID_01,text or coded value,False,6529,2650,28.87,11,Z0004
beneficiary_2023.csv,Master Beneficiary Summary,115,PTD_CNTRCT_ID_02,text or coded value,False,6516,2663,29.01,11,Z0004
beneficiary_2023.csv,Master Beneficiary Summary,116,PTD_CNTRCT_ID_03,text or coded value,False,6513,2666,29.04,11,Z0004
beneficiary_2023.csv,Master Beneficiary Summary,117,PTD_CNTRCT_ID_04,text or coded value,False,6502,2677,29.16,11,Z0004
beneficiary_2023.csv,Master Beneficiary Summary,118,PTD_CNTRCT_ID_05,text or coded value,False,6501,2678,29.18,11,Z0004
beneficiary_2023.csv,Master Beneficiary Summary,119,PTD_CNTRCT_ID_06,text or coded value,False,6492,2687,29.27,11,Z0004
beneficiary_2023.csv,Master Beneficiary Summary,120,PTD_CNTRCT_ID_07,text or coded value,False,6491,2688,29.28,11,Z0004
beneficiary_2023.csv,Master Beneficiary Summary,121,PTD_CNTRCT_ID_08,text or coded value,False,6484,2695,29.36,11,Z0004
beneficiary_2023.csv,Master Beneficiary Summary,122,PTD_CNTRCT_ID_09,text or coded value,False,6465,2714,29.57,11,Z0004
beneficiary_2023.csv,Master Beneficiary Summary,123,PTD_CNTRCT_ID_10,text or coded value,False,6438,2741,29.86,11,Z0004
beneficiary_2023.csv,Master Beneficiary Summary,124,PTD_CNTRCT_ID_11,text or coded value,False,6421,2758,30.05,11,Z0004
beneficiary_2023.csv,Master Beneficiary Summary,125,PTD_CNTRCT_ID_12,text or coded value,False,6413,2766,30.13,10,Z0004
beneficiary_2023.csv,Master Beneficiary Summary,126,PTD_PBP_ID_01,text or coded value,False,6154,3025,32.96,5,804
beneficiary_2023.csv,Master Beneficiary Summary,127,PTD_PBP_ID_02,text or coded value,False,6170,3009,32.78,5,804
beneficiary_2023.csv,Master Beneficiary Summary,128,PTD_PBP_ID_03,text or coded value,False,6195,2984,32.51,5,804
beneficiary_2023.csv,Master Beneficiary Summary,129,PTD_PBP_ID_04,text or coded value,False,6219,2960,32.25,5,804
beneficiary_2023.csv,Master Beneficiary Summary,130,PTD_PBP_ID_05,text or coded value,False,6249,2930,31.92,5,804
beneficiary_2023.csv,Master Beneficiary Summary,131,PTD_PBP_ID_06,text or coded value,False,6268,2911,31.71,5,804
beneficiary_2023.csv,Master Beneficiary Summary,132,PTD_PBP_ID_07,text or coded value,False,6299,2880,31.38,5,804
beneficiary_2023.csv,Master Beneficiary Summary,133,PTD_PBP_ID_08,text or coded value,False,6327,2852,31.07,5,804
beneficiary_2023.csv,Master Beneficiary Summary,134,PTD_PBP_ID_09,text or coded value,False,6344,2835,30.89,5,804
beneficiary_2023.csv,Master Beneficiary Summary,135,PTD_PBP_ID_10,text or coded value,False,6363,2816,30.68,5,804
beneficiary_2023.csv,Master Beneficiary Summary,136,PTD_PBP_ID_11,text or coded value,False,6392,2787,30.36,5,804
beneficiary_2023.csv,Master Beneficiary Summary,137,PTD_PBP_ID_12,text or coded value,False,6413,2766,30.13,5,804
beneficiary_2023.csv,Master Beneficiary Summary,138,PTD_SGMT_ID_01,text or coded value,False,6154,3025,32.96,1,000
beneficiary_2023.csv,Master Beneficiary Summary,139,PTD_SGMT_ID_02,text or coded value,False,6170,3009,32.78,1,000
beneficiary_2023.csv,Master Beneficiary Summary,140,PTD_SGMT_ID_03,text or coded value,False,6195,2984,32.51,1,000
beneficiary_2023.csv,Master Beneficiary Summary,141,PTD_SGMT_ID_04,text or coded value,False,6219,2960,32.25,1,000
beneficiary_2023.csv,Master Beneficiary Summary,142,PTD_SGMT_ID_05,text or coded value,False,6249,2930,31.92,1,000
beneficiary_2023.csv,Master Beneficiary Summary,143,PTD_SGMT_ID_06,text or coded value,False,6268,2911,31.71,1,000
beneficiary_2023.csv,Master Beneficiary Summary,144,PTD_SGMT_ID_07,text or coded value,False,6299,2880,31.38,1,000
beneficiary_2023.csv,Master Beneficiary Summary,145,PTD_SGMT_ID_08,text or coded value,False,6327,2852,31.07,1,000
beneficiary_2023.csv,Master Beneficiary Summary,146,PTD_SGMT_ID_09,text or coded value,False,6344,2835,30.89,1,000
beneficiary_2023.csv,Master Beneficiary Summary,147,PTD_SGMT_ID_10,text or coded value,False,6363,2816,30.68,1,000
beneficiary_2023.csv,Master Beneficiary Summary,148,PTD_SGMT_ID_11,text or coded value,False,6392,2787,30.36,1,000
beneficiary_2023.csv,Master Beneficiary Summary,149,PTD_SGMT_ID_12,text or coded value,False,6413,2766,30.13,1,000
beneficiary_2023.csv,Master Beneficiary Summary,150,RDS_IND_01,text or coded value,False,6529,2650,28.87,3,N
beneficiary_2023.csv,Master Beneficiary Summary,151,RDS_IND_02,text or coded value,False,6516,2663,29.01,3,N
beneficiary_2023.csv,Master Beneficiary Summary,152,RDS_IND_03,text or coded value,False,6513,2666,29.04,3,N
beneficiary_2023.csv,Master Beneficiary Summary,153,RDS_IND_04,text or coded value,False,6502,2677,29.16,3,N
beneficiary_2023.csv,Master Beneficiary Summary,154,RDS_IND_05,text or coded value,False,6501,2678,29.18,3,N
beneficiary_2023.csv,Master Beneficiary Summary,155,RDS_IND_06,text or coded value,False,6492,2687,29.27,3,N
beneficiary_2023.csv,Master Beneficiary Summary,156,RDS_IND_07,text or coded value,False,6491,2688,29.28,3,N
beneficiary_2023.csv,Master Beneficiary Summary,157,RDS_IND_08,text or coded value,False,6484,2695,29.36,3,N
beneficiary_2023.csv,Master Beneficiary Summary,158,RDS_IND_09,text or coded value,False,6465,2714,29.57,3,N
beneficiary_2023.csv,Master Beneficiary Summary,159,RDS_IND_10,text or coded value,False,6438,2741,29.86,3,N
beneficiary_2023.csv,Master Beneficiary Summary,160,RDS_IND_11,text or coded value,False,6421,2758,30.05,3,N
beneficiary_2023.csv,Master Beneficiary Summary,161,RDS_IND_12,text or coded value,False,6413,2766,30.13,2,N
beneficiary_2023.csv,Master Beneficiary Summary,162,DUAL_STUS_CD_01,text or coded value,False,9163,16,0.17,10,NA
beneficiary_2023.csv,Master Beneficiary Summary,163,DUAL_STUS_CD_02,text or coded value,False,9163,16,0.17,10,NA
beneficiary_2023.csv,Master Beneficiary Summary,164,DUAL_STUS_CD_03,text or coded value,False,9162,17,0.19,10,NA
beneficiary_2023.csv,Master Beneficiary Summary,165,DUAL_STUS_CD_04,text or coded value,False,9162,17,0.19,10,NA
beneficiary_2023.csv,Master Beneficiary Summary,166,DUAL_STUS_CD_05,text or coded value,False,9162,17,0.19,10,NA
beneficiary_2023.csv,Master Beneficiary Summary,167,DUAL_STUS_CD_06,text or coded value,False,9161,18,0.2,10,NA
beneficiary_2023.csv,Master Beneficiary Summary,168,DUAL_STUS_CD_07,text or coded value,False,9160,19,0.21,10,NA
beneficiary_2023.csv,Master Beneficiary Summary,169,DUAL_STUS_CD_08,text or coded value,False,9160,19,0.21,10,NA
beneficiary_2023.csv,Master Beneficiary Summary,170,DUAL_STUS_CD_09,text or coded value,False,9160,19,0.21,10,NA
beneficiary_2023.csv,Master Beneficiary Summary,171,DUAL_STUS_CD_10,text or coded value,False,9160,19,0.21,10,NA
beneficiary_2023.csv,Master Beneficiary Summary,172,DUAL_STUS_CD_11,text or coded value,False,9160,19,0.21,10,NA
beneficiary_2023.csv,Master Beneficiary Summary,173,DUAL_STUS_CD_12,text or coded value,False,9160,19,0.21,9,NA
beneficiary_2023.csv,Master Beneficiary Summary,174,CST_SHR_GRP_CD_01,text or coded value,False,9179,0,0.0,5,02
beneficiary_2023.csv,Master Beneficiary Summary,175,CST_SHR_GRP_CD_02,text or coded value,False,9179,0,0.0,5,02
beneficiary_2023.csv,Master Beneficiary Summary,176,CST_SHR_GRP_CD_03,text or coded value,False,9179,0,0.0,5,02
beneficiary_2023.csv,Master Beneficiary Summary,177,CST_SHR_GRP_CD_04,text or coded value,False,9179,0,0.0,5,02
beneficiary_2023.csv,Master Beneficiary Summary,178,CST_SHR_GRP_CD_05,text or coded value,False,9179,0,0.0,5,02
beneficiary_2023.csv,Master Beneficiary Summary,179,CST_SHR_GRP_CD_06,text or coded value,False,9179,0,0.0,5,02
beneficiary_2023.csv,Master Beneficiary Summary,180,CST_SHR_GRP_CD_07,text or coded value,False,9179,0,0.0,5,02
beneficiary_2023.csv,Master Beneficiary Summary,181,CST_SHR_GRP_CD_08,text or coded value,False,9179,0,0.0,5,02
beneficiary_2023.csv,Master Beneficiary Summary,182,CST_SHR_GRP_CD_09,text or coded value,False,9179,0,0.0,5,02
beneficiary_2023.csv,Master Beneficiary Summary,183,CST_SHR_GRP_CD_10,text or coded value,False,9179,0,0.0,5,02
beneficiary_2023.csv,Master Beneficiary Summary,184,CST_SHR_GRP_CD_11,text or coded value,False,9179,0,0.0,5,02
beneficiary_2023.csv,Master Beneficiary Summary,185,CST_SHR_GRP_CD_12,text or coded value,False,9179,0,0.0,5,02
beneficiary_2024.csv,Master Beneficiary Summary,1,BENE_ID,key,True,9660,0,0.0,9660,-10000010254618
beneficiary_2024.csv,Master Beneficiary Summary,2,STATE_CODE,dimension,True,9660,0,0.0,51,01
beneficiary_2024.csv,Master Beneficiary Summary,3,COUNTY_CD,dimension,True,9660,0,0.0,1678,1500
beneficiary_2024.csv,Master Beneficiary Summary,4,ZIP_CD,dimension,True,9660,0,0.0,5717,36109
beneficiary_2024.csv,Master Beneficiary Summary,5,BENE_BIRTH_DT,date,True,9660,0,0.0,7787,16-Aug-1999
beneficiary_2024.csv,Master Beneficiary Summary,6,SEX_IDENT_CD,dimension,True,9660,0,0.0,2,1
beneficiary_2024.csv,Master Beneficiary Summary,7,BENE_RACE_CD,dimension,True,9660,0,0.0,6,1
beneficiary_2024.csv,Master Beneficiary Summary,8,ENTLMT_RSN_ORIG,dimension,True,9660,0,0.0,4,1
beneficiary_2024.csv,Master Beneficiary Summary,9,ENTLMT_RSN_CURR,dimension,True,9660,0,0.0,4,1
beneficiary_2024.csv,Master Beneficiary Summary,10,ESRD_IND,dimension,True,9660,0,0.0,2,0
beneficiary_2024.csv,Master Beneficiary Summary,11,BENE_PTA_TRMNTN_CD,coded dimension,False,9660,0,0.0,1,0
beneficiary_2024.csv,Master Beneficiary Summary,12,BENE_PTB_TRMNTN_CD,coded dimension,False,9660,0,0.0,1,0
beneficiary_2024.csv,Master Beneficiary Summary,13,BENE_DEATH_DT,date,True,0,9660,100.0,0,
beneficiary_2024.csv,Master Beneficiary Summary,14,BENE_ENROLLMT_REF_YR,date,True,9660,0,0.0,1,2024
beneficiary_2024.csv,Master Beneficiary Summary,15,BENE_HI_CVRAGE_TOT_MONS,metric,True,9660,0,0.0,1,12
beneficiary_2024.csv,Master Beneficiary Summary,16,BENE_SMI_CVRAGE_TOT_MONS,metric,True,9660,0,0.0,1,12
beneficiary_2024.csv,Master Beneficiary Summary,17,BENE_STATE_BUYIN_TOT_MONS,text or coded value,False,9660,0,0.0,1,12
beneficiary_2024.csv,Master Beneficiary Summary,18,BENE_HMO_CVRAGE_TOT_MONS,metric,True,9660,0,0.0,1,0
beneficiary_2024.csv,Master Beneficiary Summary,19,RDS_CVRG_MONS,text or coded value,False,9660,0,0.0,3,0
beneficiary_2024.csv,Master Beneficiary Summary,20,ENRL_SRC,text or coded value,False,9660,0,0.0,1,CME
beneficiary_2024.csv,Master Beneficiary Summary,21,SAMPLE_GROUP,text or coded value,False,0,9660,100.0,0,
beneficiary_2024.csv,Master Beneficiary Summary,22,ENHANCED_FIVE_PERCENT_FLAG,text or coded value,False,9660,0,0.0,1, 
beneficiary_2024.csv,Master Beneficiary Summary,23,CRNT_BIC_CD,coded dimension,False,9660,0,0.0,22,A
beneficiary_2024.csv,Master Beneficiary Summary,24,AGE_AT_END_REF_YR,dimension,True,9660,0,0.0,112,25
beneficiary_2024.csv,Master Beneficiary Summary,25,COVSTART,text or coded value,False,9660,0,0.0,6611,08-Sep-1999
beneficiary_2024.csv,Master Beneficiary Summary,26,DUAL_ELGBL_MONS,metric,True,9660,0,0.0,1,0
beneficiary_2024.csv,Master Beneficiary Summary,27,STATE_CNTY_FIPS_CD_01,text or coded value,False,8236,1424,14.74,1553,1101
beneficiary_2024.csv,Master Beneficiary Summary,28,STATE_CNTY_FIPS_CD_02,text or coded value,False,8236,1424,14.74,1553,1101
beneficiary_2024.csv,Master Beneficiary Summary,29,STATE_CNTY_FIPS_CD_03,text or coded value,False,8236,1424,14.74,1553,1101
beneficiary_2024.csv,Master Beneficiary Summary,30,STATE_CNTY_FIPS_CD_04,text or coded value,False,8236,1424,14.74,1553,1101
beneficiary_2024.csv,Master Beneficiary Summary,31,STATE_CNTY_FIPS_CD_05,text or coded value,False,8236,1424,14.74,1553,1101
beneficiary_2024.csv,Master Beneficiary Summary,32,STATE_CNTY_FIPS_CD_06,text or coded value,False,8236,1424,14.74,1553,1101
beneficiary_2024.csv,Master Beneficiary Summary,33,STATE_CNTY_FIPS_CD_07,text or coded value,False,8236,1424,14.74,1553,1101
beneficiary_2024.csv,Master Beneficiary Summary,34,STATE_CNTY_FIPS_CD_08,text or coded value,False,8236,1424,14.74,1553,1101
beneficiary_2024.csv,Master Beneficiary Summary,35,STATE_CNTY_FIPS_CD_09,text or coded value,False,8236,1424,14.74,1553,1101
beneficiary_2024.csv,Master Beneficiary Summary,36,STATE_CNTY_FIPS_CD_10,text or coded value,False,8236,1424,14.74,1553,1101
beneficiary_2024.csv,Master Beneficiary Summary,37,STATE_CNTY_FIPS_CD_11,text or coded value,False,8236,1424,14.74,1553,1101
beneficiary_2024.csv,Master Beneficiary Summary,38,STATE_CNTY_FIPS_CD_12,text or coded value,False,8236,1424,14.74,1553,1101
beneficiary_2024.csv,Master Beneficiary Summary,39,VALID_DEATH_DT_SW,coded dimension,False,0,9660,100.0,0,
beneficiary_2024.csv,Master Beneficiary Summary,40,RTI_RACE_CD,dimension,True,9660,0,0.0,6,1
beneficiary_2024.csv,Master Beneficiary Summary,41,MDCR_STATUS_CODE_01,text or coded value,False,9660,0,0.0,5,20
beneficiary_2024.csv,Master Beneficiary Summary,42,MDCR_STATUS_CODE_02,text or coded value,False,9660,0,0.0,5,20
beneficiary_2024.csv,Master Beneficiary Summary,43,MDCR_STATUS_CODE_03,text or coded value,False,9660,0,0.0,5,20
beneficiary_2024.csv,Master Beneficiary Summary,44,MDCR_STATUS_CODE_04,text or coded value,False,9660,0,0.0,5,20
beneficiary_2024.csv,Master Beneficiary Summary,45,MDCR_STATUS_CODE_05,text or coded value,False,9660,0,0.0,5,20
beneficiary_2024.csv,Master Beneficiary Summary,46,MDCR_STATUS_CODE_06,text or coded value,False,9660,0,0.0,5,20
beneficiary_2024.csv,Master Beneficiary Summary,47,MDCR_STATUS_CODE_07,text or coded value,False,9660,0,0.0,5,20
beneficiary_2024.csv,Master Beneficiary Summary,48,MDCR_STATUS_CODE_08,text or coded value,False,9660,0,0.0,5,20
beneficiary_2024.csv,Master Beneficiary Summary,49,MDCR_STATUS_CODE_09,text or coded value,False,9660,0,0.0,5,20
beneficiary_2024.csv,Master Beneficiary Summary,50,MDCR_STATUS_CODE_10,text or coded value,False,9660,0,0.0,5,20
beneficiary_2024.csv,Master Beneficiary Summary,51,MDCR_STATUS_CODE_11,text or coded value,False,9660,0,0.0,5,20
beneficiary_2024.csv,Master Beneficiary Summary,52,MDCR_STATUS_CODE_12,text or coded value,False,9660,0,0.0,5,20
beneficiary_2024.csv,Master Beneficiary Summary,53,PTD_PLAN_CVRG_MONS,metric,True,9660,0,0.0,13,12
beneficiary_2024.csv,Master Beneficiary Summary,54,MDCR_ENTLMT_BUYIN_IND_01,text or coded value,False,9660,0,0.0,3,3
beneficiary_2024.csv,Master Beneficiary Summary,55,MDCR_ENTLMT_BUYIN_IND_02,text or coded value,False,9660,0,0.0,3,3
beneficiary_2024.csv,Master Beneficiary Summary,56,MDCR_ENTLMT_BUYIN_IND_03,text or coded value,False,9660,0,0.0,3,3
beneficiary_2024.csv,Master Beneficiary Summary,57,MDCR_ENTLMT_BUYIN_IND_04,text or coded value,False,9660,0,0.0,3,3
beneficiary_2024.csv,Master Beneficiary Summary,58,MDCR_ENTLMT_BUYIN_IND_05,text or coded value,False,9660,0,0.0,3,3
beneficiary_2024.csv,Master Beneficiary Summary,59,MDCR_ENTLMT_BUYIN_IND_06,text or coded value,False,9660,0,0.0,3,3
beneficiary_2024.csv,Master Beneficiary Summary,60,MDCR_ENTLMT_BUYIN_IND_07,text or coded value,False,9660,0,0.0,3,3
beneficiary_2024.csv,Master Beneficiary Summary,61,MDCR_ENTLMT_BUYIN_IND_08,text or coded value,False,9660,0,0.0,3,3
beneficiary_2024.csv,Master Beneficiary Summary,62,MDCR_ENTLMT_BUYIN_IND_09,text or coded value,False,9660,0,0.0,3,3
beneficiary_2024.csv,Master Beneficiary Summary,63,MDCR_ENTLMT_BUYIN_IND_10,text or coded value,False,9660,0,0.0,3,3
beneficiary_2024.csv,Master Beneficiary Summary,64,MDCR_ENTLMT_BUYIN_IND_11,text or coded value,False,9660,0,0.0,3,3
beneficiary_2024.csv,Master Beneficiary Summary,65,MDCR_ENTLMT_BUYIN_IND_12,text or coded value,False,9660,0,0.0,3,3
beneficiary_2024.csv,Master Beneficiary Summary,66,HMO_IND_01,text or coded value,False,0,9660,100.0,0,
beneficiary_2024.csv,Master Beneficiary Summary,67,HMO_IND_02,text or coded value,False,0,9660,100.0,0,
beneficiary_2024.csv,Master Beneficiary Summary,68,HMO_IND_03,text or coded value,False,0,9660,100.0,0,
beneficiary_2024.csv,Master Beneficiary Summary,69,HMO_IND_04,text or coded value,False,0,9660,100.0,0,
beneficiary_2024.csv,Master Beneficiary Summary,70,HMO_IND_05,text or coded value,False,0,9660,100.0,0,
beneficiary_2024.csv,Master Beneficiary Summary,71,HMO_IND_06,text or coded value,False,0,9660,100.0,0,
beneficiary_2024.csv,Master Beneficiary Summary,72,HMO_IND_07,text or coded value,False,0,9660,100.0,0,
beneficiary_2024.csv,Master Beneficiary Summary,73,HMO_IND_08,text or coded value,False,0,9660,100.0,0,
beneficiary_2024.csv,Master Beneficiary Summary,74,HMO_IND_09,text or coded value,False,0,9660,100.0,0,
beneficiary_2024.csv,Master Beneficiary Summary,75,HMO_IND_10,text or coded value,False,0,9660,100.0,0,
beneficiary_2024.csv,Master Beneficiary Summary,76,HMO_IND_11,text or coded value,False,0,9660,100.0,0,
beneficiary_2024.csv,Master Beneficiary Summary,77,HMO_IND_12,text or coded value,False,0,9660,100.0,0,
beneficiary_2024.csv,Master Beneficiary Summary,78,PTC_CNTRCT_ID_01,text or coded value,False,5694,3966,41.06,10,Y0008
beneficiary_2024.csv,Master Beneficiary Summary,79,PTC_CNTRCT_ID_02,text or coded value,False,5705,3955,40.94,10,Y0008
beneficiary_2024.csv,Master Beneficiary Summary,80,PTC_CNTRCT_ID_03,text or coded value,False,5712,3948,40.87,10,Y0008
beneficiary_2024.csv,Master Beneficiary Summary,81,PTC_CNTRCT_ID_04,text or coded value,False,5712,3948,40.87,10,Y0008
beneficiary_2024.csv,Master Beneficiary Summary,82,PTC_CNTRCT_ID_05,text or coded value,False,5717,3943,40.82,10,Y0008
beneficiary_2024.csv,Master Beneficiary Summary,83,PTC_CNTRCT_ID_06,text or coded value,False,5712,3948,40.87,10,Y0008
beneficiary_2024.csv,Master Beneficiary Summary,84,PTC_CNTRCT_ID_07,text or coded value,False,5699,3961,41.0,10,Y0008
beneficiary_2024.csv,Master Beneficiary Summary,85,PTC_CNTRCT_ID_08,text or coded value,False,5697,3963,41.02,10,Y0008
beneficiary_2024.csv,Master Beneficiary Summary,86,PTC_CNTRCT_ID_09,text or coded value,False,5701,3959,40.98,10,Y0008
beneficiary_2024.csv,Master Beneficiary Summary,87,PTC_CNTRCT_ID_10,text or coded value,False,5705,3955,40.94,10,Y0008
beneficiary_2024.csv,Master Beneficiary Summary,88,PTC_CNTRCT_ID_11,text or coded value,False,5714,3946,40.85,10,Y0008
beneficiary_2024.csv,Master Beneficiary Summary,89,PTC_CNTRCT_ID_12,text or coded value,False,5721,3939,40.78,10,Y0008
beneficiary_2024.csv,Master Beneficiary Summary,90,PTC_PBP_ID_01,text or coded value,False,5694,3966,41.06,5,803
beneficiary_2024.csv,Master Beneficiary Summary,91,PTC_PBP_ID_02,text or coded value,False,5705,3955,40.94,5,803
beneficiary_2024.csv,Master Beneficiary Summary,92,PTC_PBP_ID_03,text or coded value,False,5712,3948,40.87,5,803
beneficiary_2024.csv,Master Beneficiary Summary,93,PTC_PBP_ID_04,text or coded value,False,5712,3948,40.87,5,803
beneficiary_2024.csv,Master Beneficiary Summary,94,PTC_PBP_ID_05,text or coded value,False,5717,3943,40.82,5,803
beneficiary_2024.csv,Master Beneficiary Summary,95,PTC_PBP_ID_06,text or coded value,False,5712,3948,40.87,5,803
beneficiary_2024.csv,Master Beneficiary Summary,96,PTC_PBP_ID_07,text or coded value,False,5699,3961,41.0,5,803
beneficiary_2024.csv,Master Beneficiary Summary,97,PTC_PBP_ID_08,text or coded value,False,5697,3963,41.02,5,803
beneficiary_2024.csv,Master Beneficiary Summary,98,PTC_PBP_ID_09,text or coded value,False,5701,3959,40.98,5,803
beneficiary_2024.csv,Master Beneficiary Summary,99,PTC_PBP_ID_10,text or coded value,False,5705,3955,40.94,5,803
beneficiary_2024.csv,Master Beneficiary Summary,100,PTC_PBP_ID_11,text or coded value,False,5714,3946,40.85,5,803
beneficiary_2024.csv,Master Beneficiary Summary,101,PTC_PBP_ID_12,text or coded value,False,5721,3939,40.78,5,803
beneficiary_2024.csv,Master Beneficiary Summary,102,PTC_PLAN_TYPE_CD_01,text or coded value,False,0,9660,100.0,0,
beneficiary_2024.csv,Master Beneficiary Summary,103,PTC_PLAN_TYPE_CD_02,text or coded value,False,0,9660,100.0,0,
beneficiary_2024.csv,Master Beneficiary Summary,104,PTC_PLAN_TYPE_CD_03,text or coded value,False,0,9660,100.0,0,
beneficiary_2024.csv,Master Beneficiary Summary,105,PTC_PLAN_TYPE_CD_04,text or coded value,False,0,9660,100.0,0,
beneficiary_2024.csv,Master Beneficiary Summary,106,PTC_PLAN_TYPE_CD_05,text or coded value,False,0,9660,100.0,0,
beneficiary_2024.csv,Master Beneficiary Summary,107,PTC_PLAN_TYPE_CD_06,text or coded value,False,0,9660,100.0,0,
beneficiary_2024.csv,Master Beneficiary Summary,108,PTC_PLAN_TYPE_CD_07,text or coded value,False,0,9660,100.0,0,
beneficiary_2024.csv,Master Beneficiary Summary,109,PTC_PLAN_TYPE_CD_08,text or coded value,False,0,9660,100.0,0,
beneficiary_2024.csv,Master Beneficiary Summary,110,PTC_PLAN_TYPE_CD_09,text or coded value,False,0,9660,100.0,0,
beneficiary_2024.csv,Master Beneficiary Summary,111,PTC_PLAN_TYPE_CD_10,text or coded value,False,0,9660,100.0,0,
beneficiary_2024.csv,Master Beneficiary Summary,112,PTC_PLAN_TYPE_CD_11,text or coded value,False,0,9660,100.0,0,
beneficiary_2024.csv,Master Beneficiary Summary,113,PTC_PLAN_TYPE_CD_12,text or coded value,False,0,9660,100.0,0,
beneficiary_2024.csv,Master Beneficiary Summary,114,PTD_CNTRCT_ID_01,text or coded value,False,6839,2821,29.2,11,Z0004
beneficiary_2024.csv,Master Beneficiary Summary,115,PTD_CNTRCT_ID_02,text or coded value,False,6843,2817,29.16,11,Z0004
beneficiary_2024.csv,Master Beneficiary Summary,116,PTD_CNTRCT_ID_03,text or coded value,False,6833,2827,29.27,11,Z0004
beneficiary_2024.csv,Master Beneficiary Summary,117,PTD_CNTRCT_ID_04,text or coded value,False,6816,2844,29.44,11,Z0004
beneficiary_2024.csv,Master Beneficiary Summary,118,PTD_CNTRCT_ID_05,text or coded value,False,6787,2873,29.74,11,Z0004
beneficiary_2024.csv,Master Beneficiary Summary,119,PTD_CNTRCT_ID_06,text or coded value,False,6778,2882,29.83,11,Z0004
beneficiary_2024.csv,Master Beneficiary Summary,120,PTD_CNTRCT_ID_07,text or coded value,False,6772,2888,29.9,11,Z0004
beneficiary_2024.csv,Master Beneficiary Summary,121,PTD_CNTRCT_ID_08,text or coded value,False,6764,2896,29.98,11,Z0004
beneficiary_2024.csv,Master Beneficiary Summary,122,PTD_CNTRCT_ID_09,text or coded value,False,6756,2904,30.06,11,Z0004
beneficiary_2024.csv,Master Beneficiary Summary,123,PTD_CNTRCT_ID_10,text or coded value,False,6751,2909,30.11,11,Z0004
beneficiary_2024.csv,Master Beneficiary Summary,124,PTD_CNTRCT_ID_11,text or coded value,False,6734,2926,30.29,11,Z0004
beneficiary_2024.csv,Master Beneficiary Summary,125,PTD_CNTRCT_ID_12,text or coded value,False,6729,2931,30.34,10,Z0004
beneficiary_2024.csv,Master Beneficiary Summary,126,PTD_PBP_ID_01,text or coded value,False,6476,3184,32.96,5,804
beneficiary_2024.csv,Master Beneficiary Summary,127,PTD_PBP_ID_02,text or coded value,False,6508,3152,32.63,5,804
beneficiary_2024.csv,Master Beneficiary Summary,128,PTD_PBP_ID_03,text or coded value,False,6530,3130,32.4,5,804
beneficiary_2024.csv,Master Beneficiary Summary,129,PTD_PBP_ID_04,text or coded value,False,6549,3111,32.2,5,804
beneficiary_2024.csv,Master Beneficiary Summary,130,PTD_PBP_ID_05,text or coded value,False,6560,3100,32.09,5,804
beneficiary_2024.csv,Master Beneficiary Summary,131,PTD_PBP_ID_06,text or coded value,False,6582,3078,31.86,5,804
beneficiary_2024.csv,Master Beneficiary Summary,132,PTD_PBP_ID_07,text or coded value,False,6611,3049,31.56,5,804
beneficiary_2024.csv,Master Beneficiary Summary,133,PTD_PBP_ID_08,text or coded value,False,6631,3029,31.36,5,804
beneficiary_2024.csv,Master Beneficiary Summary,134,PTD_PBP_ID_09,text or coded value,False,6648,3012,31.18,5,804
beneficiary_2024.csv,Master Beneficiary Summary,135,PTD_PBP_ID_10,text or coded value,False,6672,2988,30.93,5,804
beneficiary_2024.csv,Master Beneficiary Summary,136,PTD_PBP_ID_11,text or coded value,False,6691,2969,30.73,5,804
beneficiary_2024.csv,Master Beneficiary Summary,137,PTD_PBP_ID_12,text or coded value,False,6729,2931,30.34,5,804
beneficiary_2024.csv,Master Beneficiary Summary,138,PTD_SGMT_ID_01,text or coded value,False,6476,3184,32.96,1,000
beneficiary_2024.csv,Master Beneficiary Summary,139,PTD_SGMT_ID_02,text or coded value,False,6508,3152,32.63,1,000
beneficiary_2024.csv,Master Beneficiary Summary,140,PTD_SGMT_ID_03,text or coded value,False,6530,3130,32.4,1,000
beneficiary_2024.csv,Master Beneficiary Summary,141,PTD_SGMT_ID_04,text or coded value,False,6549,3111,32.2,1,000
beneficiary_2024.csv,Master Beneficiary Summary,142,PTD_SGMT_ID_05,text or coded value,False,6560,3100,32.09,1,000
beneficiary_2024.csv,Master Beneficiary Summary,143,PTD_SGMT_ID_06,text or coded value,False,6582,3078,31.86,1,000
beneficiary_2024.csv,Master Beneficiary Summary,144,PTD_SGMT_ID_07,text or coded value,False,6611,3049,31.56,1,000
beneficiary_2024.csv,Master Beneficiary Summary,145,PTD_SGMT_ID_08,text or coded value,False,6631,3029,31.36,1,000
beneficiary_2024.csv,Master Beneficiary Summary,146,PTD_SGMT_ID_09,text or coded value,False,6648,3012,31.18,1,000
beneficiary_2024.csv,Master Beneficiary Summary,147,PTD_SGMT_ID_10,text or coded value,False,6672,2988,30.93,1,000
beneficiary_2024.csv,Master Beneficiary Summary,148,PTD_SGMT_ID_11,text or coded value,False,6691,2969,30.73,1,000
beneficiary_2024.csv,Master Beneficiary Summary,149,PTD_SGMT_ID_12,text or coded value,False,6729,2931,30.34,1,000
beneficiary_2024.csv,Master Beneficiary Summary,150,RDS_IND_01,text or coded value,False,6839,2821,29.2,3,N
beneficiary_2024.csv,Master Beneficiary Summary,151,RDS_IND_02,text or coded value,False,6843,2817,29.16,3,N
beneficiary_2024.csv,Master Beneficiary Summary,152,RDS_IND_03,text or coded value,False,6833,2827,29.27,3,N
beneficiary_2024.csv,Master Beneficiary Summary,153,RDS_IND_04,text or coded value,False,6816,2844,29.44,3,N
beneficiary_2024.csv,Master Beneficiary Summary,154,RDS_IND_05,text or coded value,False,6787,2873,29.74,3,N
beneficiary_2024.csv,Master Beneficiary Summary,155,RDS_IND_06,text or coded value,False,6778,2882,29.83,3,N
beneficiary_2024.csv,Master Beneficiary Summary,156,RDS_IND_07,text or coded value,False,6772,2888,29.9,3,N
beneficiary_2024.csv,Master Beneficiary Summary,157,RDS_IND_08,text or coded value,False,6764,2896,29.98,3,N
beneficiary_2024.csv,Master Beneficiary Summary,158,RDS_IND_09,text or coded value,False,6756,2904,30.06,3,N
beneficiary_2024.csv,Master Beneficiary Summary,159,RDS_IND_10,text or coded value,False,6751,2909,30.11,3,N
beneficiary_2024.csv,Master Beneficiary Summary,160,RDS_IND_11,text or coded value,False,6734,2926,30.29,3,N
beneficiary_2024.csv,Master Beneficiary Summary,161,RDS_IND_12,text or coded value,False,6729,2931,30.34,2,N
beneficiary_2024.csv,Master Beneficiary Summary,162,DUAL_STUS_CD_01,text or coded value,False,9647,13,0.13,10,NA
beneficiary_2024.csv,Master Beneficiary Summary,163,DUAL_STUS_CD_02,text or coded value,False,9647,13,0.13,10,NA
beneficiary_2024.csv,Master Beneficiary Summary,164,DUAL_STUS_CD_03,text or coded value,False,9647,13,0.13,10,NA
beneficiary_2024.csv,Master Beneficiary Summary,165,DUAL_STUS_CD_04,text or coded value,False,9647,13,0.13,10,NA
beneficiary_2024.csv,Master Beneficiary Summary,166,DUAL_STUS_CD_05,text or coded value,False,9647,13,0.13,10,NA
beneficiary_2024.csv,Master Beneficiary Summary,167,DUAL_STUS_CD_06,text or coded value,False,9647,13,0.13,10,NA
beneficiary_2024.csv,Master Beneficiary Summary,168,DUAL_STUS_CD_07,text or coded value,False,9647,13,0.13,10,NA
beneficiary_2024.csv,Master Beneficiary Summary,169,DUAL_STUS_CD_08,text or coded value,False,9647,13,0.13,10,NA
beneficiary_2024.csv,Master Beneficiary Summary,170,DUAL_STUS_CD_09,text or coded value,False,9647,13,0.13,10,NA
beneficiary_2024.csv,Master Beneficiary Summary,171,DUAL_STUS_CD_10,text or coded value,False,9647,13,0.13,10,NA
beneficiary_2024.csv,Master Beneficiary Summary,172,DUAL_STUS_CD_11,text or coded value,False,9647,13,0.13,10,NA
beneficiary_2024.csv,Master Beneficiary Summary,173,DUAL_STUS_CD_12,text or coded value,False,9647,13,0.13,9,NA
beneficiary_2024.csv,Master Beneficiary Summary,174,CST_SHR_GRP_CD_01,text or coded value,False,9660,0,0.0,5,02
beneficiary_2024.csv,Master Beneficiary Summary,175,CST_SHR_GRP_CD_02,text or coded value,False,9660,0,0.0,5,02
beneficiary_2024.csv,Master Beneficiary Summary,176,CST_SHR_GRP_CD_03,text or coded value,False,9660,0,0.0,5,02
beneficiary_2024.csv,Master Beneficiary Summary,177,CST_SHR_GRP_CD_04,text or coded value,False,9660,0,0.0,5,02
beneficiary_2024.csv,Master Beneficiary Summary,178,CST_SHR_GRP_CD_05,text or coded value,False,9660,0,0.0,5,02
beneficiary_2024.csv,Master Beneficiary Summary,179,CST_SHR_GRP_CD_06,text or coded value,False,9660,0,0.0,5,02
beneficiary_2024.csv,Master Beneficiary Summary,180,CST_SHR_GRP_CD_07,text or coded value,False,9660,0,0.0,5,02
beneficiary_2024.csv,Master Beneficiary Summary,181,CST_SHR_GRP_CD_08,text or coded value,False,9660,0,0.0,5,02
beneficiary_2024.csv,Master Beneficiary Summary,182,CST_SHR_GRP_CD_09,text or coded value,False,9660,0,0.0,5,02
beneficiary_2024.csv,Master Beneficiary Summary,183,CST_SHR_GRP_CD_10,text or coded value,False,9660,0,0.0,5,02
beneficiary_2024.csv,Master Beneficiary Summary,184,CST_SHR_GRP_CD_11,text or coded value,False,9660,0,0.0,5,02
beneficiary_2024.csv,Master Beneficiary Summary,185,CST_SHR_GRP_CD_12,text or coded value,False,9660,0,0.0,5,02
beneficiary_2025.csv,Master Beneficiary Summary,1,BENE_ID,key,True,10000,0,0.0,10000,-10000010254618
beneficiary_2025.csv,Master Beneficiary Summary,2,STATE_CODE,dimension,True,10000,0,0.0,51,01
beneficiary_2025.csv,Master Beneficiary Summary,3,COUNTY_CD,dimension,True,10000,0,0.0,1694,1500
beneficiary_2025.csv,Master Beneficiary Summary,4,ZIP_CD,dimension,True,10000,0,0.0,5855,36109
beneficiary_2025.csv,Master Beneficiary Summary,5,BENE_BIRTH_DT,date,True,10000,0,0.0,7957,16-Aug-1999
beneficiary_2025.csv,Master Beneficiary Summary,6,SEX_IDENT_CD,dimension,True,10000,0,0.0,2,1
beneficiary_2025.csv,Master Beneficiary Summary,7,BENE_RACE_CD,dimension,True,10000,0,0.0,6,1
beneficiary_2025.csv,Master Beneficiary Summary,8,ENTLMT_RSN_ORIG,dimension,True,10000,0,0.0,4,1
beneficiary_2025.csv,Master Beneficiary Summary,9,ENTLMT_RSN_CURR,dimension,True,10000,0,0.0,4,1
beneficiary_2025.csv,Master Beneficiary Summary,10,ESRD_IND,dimension,True,10000,0,0.0,2,0
beneficiary_2025.csv,Master Beneficiary Summary,11,BENE_PTA_TRMNTN_CD,coded dimension,False,10000,0,0.0,1,0
beneficiary_2025.csv,Master Beneficiary Summary,12,BENE_PTB_TRMNTN_CD,coded dimension,False,10000,0,0.0,1,0
beneficiary_2025.csv,Master Beneficiary Summary,13,BENE_DEATH_DT,date,True,0,10000,100.0,0,
beneficiary_2025.csv,Master Beneficiary Summary,14,BENE_ENROLLMT_REF_YR,date,True,10000,0,0.0,1,2025
beneficiary_2025.csv,Master Beneficiary Summary,15,BENE_HI_CVRAGE_TOT_MONS,metric,True,10000,0,0.0,1,3
beneficiary_2025.csv,Master Beneficiary Summary,16,BENE_SMI_CVRAGE_TOT_MONS,metric,True,10000,0,0.0,1,3
beneficiary_2025.csv,Master Beneficiary Summary,17,BENE_STATE_BUYIN_TOT_MONS,text or coded value,False,10000,0,0.0,1,3
beneficiary_2025.csv,Master Beneficiary Summary,18,BENE_HMO_CVRAGE_TOT_MONS,metric,True,10000,0,0.0,1,0
beneficiary_2025.csv,Master Beneficiary Summary,19,RDS_CVRG_MONS,text or coded value,False,10000,0,0.0,2,0
beneficiary_2025.csv,Master Beneficiary Summary,20,ENRL_SRC,text or coded value,False,10000,0,0.0,1,CME
beneficiary_2025.csv,Master Beneficiary Summary,21,SAMPLE_GROUP,text or coded value,False,0,10000,100.0,0,
beneficiary_2025.csv,Master Beneficiary Summary,22,ENHANCED_FIVE_PERCENT_FLAG,text or coded value,False,10000,0,0.0,1, 
beneficiary_2025.csv,Master Beneficiary Summary,23,CRNT_BIC_CD,coded dimension,False,10000,0,0.0,22,A
beneficiary_2025.csv,Master Beneficiary Summary,24,AGE_AT_END_REF_YR,dimension,True,10000,0,0.0,112,26
beneficiary_2025.csv,Master Beneficiary Summary,25,COVSTART,text or coded value,False,10000,0,0.0,6820,08-Sep-1999
beneficiary_2025.csv,Master Beneficiary Summary,26,DUAL_ELGBL_MONS,metric,True,10000,0,0.0,1,0
beneficiary_2025.csv,Master Beneficiary Summary,27,STATE_CNTY_FIPS_CD_01,text or coded value,False,8524,1476,14.76,1568,1101
beneficiary_2025.csv,Master Beneficiary Summary,28,STATE_CNTY_FIPS_CD_02,text or coded value,False,8524,1476,14.76,1568,1101
beneficiary_2025.csv,Master Beneficiary Summary,29,STATE_CNTY_FIPS_CD_03,text or coded value,False,8524,1476,14.76,1568,1101
beneficiary_2025.csv,Master Beneficiary Summary,30,STATE_CNTY_FIPS_CD_04,text or coded value,False,0,10000,100.0,0,
beneficiary_2025.csv,Master Beneficiary Summary,31,STATE_CNTY_FIPS_CD_05,text or coded value,False,0,10000,100.0,0,
beneficiary_2025.csv,Master Beneficiary Summary,32,STATE_CNTY_FIPS_CD_06,text or coded value,False,0,10000,100.0,0,
beneficiary_2025.csv,Master Beneficiary Summary,33,STATE_CNTY_FIPS_CD_07,text or coded value,False,0,10000,100.0,0,
beneficiary_2025.csv,Master Beneficiary Summary,34,STATE_CNTY_FIPS_CD_08,text or coded value,False,0,10000,100.0,0,
beneficiary_2025.csv,Master Beneficiary Summary,35,STATE_CNTY_FIPS_CD_09,text or coded value,False,0,10000,100.0,0,
beneficiary_2025.csv,Master Beneficiary Summary,36,STATE_CNTY_FIPS_CD_10,text or coded value,False,0,10000,100.0,0,
beneficiary_2025.csv,Master Beneficiary Summary,37,STATE_CNTY_FIPS_CD_11,text or coded value,False,0,10000,100.0,0,
beneficiary_2025.csv,Master Beneficiary Summary,38,STATE_CNTY_FIPS_CD_12,text or coded value,False,0,10000,100.0,0,
beneficiary_2025.csv,Master Beneficiary Summary,39,VALID_DEATH_DT_SW,coded dimension,False,0,10000,100.0,0,
beneficiary_2025.csv,Master Beneficiary Summary,40,RTI_RACE_CD,dimension,True,10000,0,0.0,6,1
beneficiary_2025.csv,Master Beneficiary Summary,41,MDCR_STATUS_CODE_01,text or coded value,False,10000,0,0.0,5,20
beneficiary_2025.csv,Master Beneficiary Summary,42,MDCR_STATUS_CODE_02,text or coded value,False,10000,0,0.0,5,20
beneficiary_2025.csv,Master Beneficiary Summary,43,MDCR_STATUS_CODE_03,text or coded value,False,10000,0,0.0,5,20
beneficiary_2025.csv,Master Beneficiary Summary,44,MDCR_STATUS_CODE_04,text or coded value,False,0,10000,100.0,0,
beneficiary_2025.csv,Master Beneficiary Summary,45,MDCR_STATUS_CODE_05,text or coded value,False,0,10000,100.0,0,
beneficiary_2025.csv,Master Beneficiary Summary,46,MDCR_STATUS_CODE_06,text or coded value,False,0,10000,100.0,0,
beneficiary_2025.csv,Master Beneficiary Summary,47,MDCR_STATUS_CODE_07,text or coded value,False,0,10000,100.0,0,
beneficiary_2025.csv,Master Beneficiary Summary,48,MDCR_STATUS_CODE_08,text or coded value,False,0,10000,100.0,0,
beneficiary_2025.csv,Master Beneficiary Summary,49,MDCR_STATUS_CODE_09,text or coded value,False,0,10000,100.0,0,
beneficiary_2025.csv,Master Beneficiary Summary,50,MDCR_STATUS_CODE_10,text or coded value,False,0,10000,100.0,0,
beneficiary_2025.csv,Master Beneficiary Summary,51,MDCR_STATUS_CODE_11,text or coded value,False,0,10000,100.0,0,
beneficiary_2025.csv,Master Beneficiary Summary,52,MDCR_STATUS_CODE_12,text or coded value,False,0,10000,100.0,0,
beneficiary_2025.csv,Master Beneficiary Summary,53,PTD_PLAN_CVRG_MONS,metric,True,10000,0,0.0,4,3
beneficiary_2025.csv,Master Beneficiary Summary,54,MDCR_ENTLMT_BUYIN_IND_01,text or coded value,False,10000,0,0.0,3,3
beneficiary_2025.csv,Master Beneficiary Summary,55,MDCR_ENTLMT_BUYIN_IND_02,text or coded value,False,10000,0,0.0,3,3
beneficiary_2025.csv,Master Beneficiary Summary,56,MDCR_ENTLMT_BUYIN_IND_03,text or coded value,False,10000,0,0.0,3,3
beneficiary_2025.csv,Master Beneficiary Summary,57,MDCR_ENTLMT_BUYIN_IND_04,text or coded value,False,0,10000,100.0,0,
beneficiary_2025.csv,Master Beneficiary Summary,58,MDCR_ENTLMT_BUYIN_IND_05,text or coded value,False,0,10000,100.0,0,
beneficiary_2025.csv,Master Beneficiary Summary,59,MDCR_ENTLMT_BUYIN_IND_06,text or coded value,False,0,10000,100.0,0,
beneficiary_2025.csv,Master Beneficiary Summary,60,MDCR_ENTLMT_BUYIN_IND_07,text or coded value,False,0,10000,100.0,0,
beneficiary_2025.csv,Master Beneficiary Summary,61,MDCR_ENTLMT_BUYIN_IND_08,text or coded value,False,0,10000,100.0,0,
beneficiary_2025.csv,Master Beneficiary Summary,62,MDCR_ENTLMT_BUYIN_IND_09,text or coded value,False,0,10000,100.0,0,
beneficiary_2025.csv,Master Beneficiary Summary,63,MDCR_ENTLMT_BUYIN_IND_10,text or coded value,False,0,10000,100.0,0,
beneficiary_2025.csv,Master Beneficiary Summary,64,MDCR_ENTLMT_BUYIN_IND_11,text or coded value,False,0,10000,100.0,0,
beneficiary_2025.csv,Master Beneficiary Summary,65,MDCR_ENTLMT_BUYIN_IND_12,text or coded value,False,0,10000,100.0,0,
beneficiary_2025.csv,Master Beneficiary Summary,66,HMO_IND_01,text or coded value,False,0,10000,100.0,0,
beneficiary_2025.csv,Master Beneficiary Summary,67,HMO_IND_02,text or coded value,False,0,10000,100.0,0,
beneficiary_2025.csv,Master Beneficiary Summary,68,HMO_IND_03,text or coded value,False,0,10000,100.0,0,
beneficiary_2025.csv,Master Beneficiary Summary,69,HMO_IND_04,text or coded value,False,0,10000,100.0,0,
beneficiary_2025.csv,Master Beneficiary Summary,70,HMO_IND_05,text or coded value,False,0,10000,100.0,0,
beneficiary_2025.csv,Master Beneficiary Summary,71,HMO_IND_06,text or coded value,False,0,10000,100.0,0,
beneficiary_2025.csv,Master Beneficiary Summary,72,HMO_IND_07,text or coded value,False,0,10000,100.0,0,
beneficiary_2025.csv,Master Beneficiary Summary,73,HMO_IND_08,text or coded value,False,0,10000,100.0,0,
beneficiary_2025.csv,Master Beneficiary Summary,74,HMO_IND_09,text or coded value,False,0,10000,100.0,0,
beneficiary_2025.csv,Master Beneficiary Summary,75,HMO_IND_10,text or coded value,False,0,10000,100.0,0,
beneficiary_2025.csv,Master Beneficiary Summary,76,HMO_IND_11,text or coded value,False,0,10000,100.0,0,
beneficiary_2025.csv,Master Beneficiary Summary,77,HMO_IND_12,text or coded value,False,0,10000,100.0,0,
beneficiary_2025.csv,Master Beneficiary Summary,78,PTC_CNTRCT_ID_01,text or coded value,False,5851,4149,41.49,10,Y0008
beneficiary_2025.csv,Master Beneficiary Summary,79,PTC_CNTRCT_ID_02,text or coded value,False,5864,4136,41.36,10,Y0008
beneficiary_2025.csv,Master Beneficiary Summary,80,PTC_CNTRCT_ID_03,text or coded value,False,5854,4146,41.46,10,Y0008
beneficiary_2025.csv,Master Beneficiary Summary,81,PTC_CNTRCT_ID_04,text or coded value,False,0,10000,100.0,0,
beneficiary_2025.csv,Master Beneficiary Summary,82,PTC_CNTRCT_ID_05,text or coded value,False,0,10000,100.0,0,
beneficiary_2025.csv,Master Beneficiary Summary,83,PTC_CNTRCT_ID_06,text or coded value,False,0,10000,100.0,0,
beneficiary_2025.csv,Master Beneficiary Summary,84,PTC_CNTRCT_ID_07,text or coded value,False,0,10000,100.0,0,
beneficiary_2025.csv,Master Beneficiary Summary,85,PTC_CNTRCT_ID_08,text or coded value,False,0,10000,100.0,0,
beneficiary_2025.csv,Master Beneficiary Summary,86,PTC_CNTRCT_ID_09,text or coded value,False,0,10000,100.0,0,
beneficiary_2025.csv,Master Beneficiary Summary,87,PTC_CNTRCT_ID_10,text or coded value,False,0,10000,100.0,0,
beneficiary_2025.csv,Master Beneficiary Summary,88,PTC_CNTRCT_ID_11,text or coded value,False,0,10000,100.0,0,
beneficiary_2025.csv,Master Beneficiary Summary,89,PTC_CNTRCT_ID_12,text or coded value,False,0,10000,100.0,0,
beneficiary_2025.csv,Master Beneficiary Summary,90,PTC_PBP_ID_01,text or coded value,False,5851,4149,41.49,5,803
beneficiary_2025.csv,Master Beneficiary Summary,91,PTC_PBP_ID_02,text or coded value,False,5864,4136,41.36,5,803
beneficiary_2025.csv,Master Beneficiary Summary,92,PTC_PBP_ID_03,text or coded value,False,5854,4146,41.46,5,803
beneficiary_2025.csv,Master Beneficiary Summary,93,PTC_PBP_ID_04,text or coded value,False,0,10000,100.0,0,
beneficiary_2025.csv,Master Beneficiary Summary,94,PTC_PBP_ID_05,text or coded value,False,0,10000,100.0,0,
beneficiary_2025.csv,Master Beneficiary Summary,95,PTC_PBP_ID_06,text or coded value,False,0,10000,100.0,0,
beneficiary_2025.csv,Master Beneficiary Summary,96,PTC_PBP_ID_07,text or coded value,False,0,10000,100.0,0,
beneficiary_2025.csv,Master Beneficiary Summary,97,PTC_PBP_ID_08,text or coded value,False,0,10000,100.0,0,
beneficiary_2025.csv,Master Beneficiary Summary,98,PTC_PBP_ID_09,text or coded value,False,0,10000,100.0,0,
beneficiary_2025.csv,Master Beneficiary Summary,99,PTC_PBP_ID_10,text or coded value,False,0,10000,100.0,0,
beneficiary_2025.csv,Master Beneficiary Summary,100,PTC_PBP_ID_11,text or coded value,False,0,10000,100.0,0,
beneficiary_2025.csv,Master Beneficiary Summary,101,PTC_PBP_ID_12,text or coded value,False,0,10000,100.0,0,
beneficiary_2025.csv,Master Beneficiary Summary,102,PTC_PLAN_TYPE_CD_01,text or coded value,False,0,10000,100.0,0,
beneficiary_2025.csv,Master Beneficiary Summary,103,PTC_PLAN_TYPE_CD_02,text or coded value,False,0,10000,100.0,0,
beneficiary_2025.csv,Master Beneficiary Summary,104,PTC_PLAN_TYPE_CD_03,text or coded value,False,0,10000,100.0,0,
beneficiary_2025.csv,Master Beneficiary Summary,105,PTC_PLAN_TYPE_CD_04,text or coded value,False,0,10000,100.0,0,
beneficiary_2025.csv,Master Beneficiary Summary,106,PTC_PLAN_TYPE_CD_05,text or coded value,False,0,10000,100.0,0,
beneficiary_2025.csv,Master Beneficiary Summary,107,PTC_PLAN_TYPE_CD_06,text or coded value,False,0,10000,100.0,0,
beneficiary_2025.csv,Master Beneficiary Summary,108,PTC_PLAN_TYPE_CD_07,text or coded value,False,0,10000,100.0,0,
beneficiary_2025.csv,Master Beneficiary Summary,109,PTC_PLAN_TYPE_CD_08,text or coded value,False,0,10000,100.0,0,
beneficiary_2025.csv,Master Beneficiary Summary,110,PTC_PLAN_TYPE_CD_09,text or coded value,False,0,10000,100.0,0,
beneficiary_2025.csv,Master Beneficiary Summary,111,PTC_PLAN_TYPE_CD_10,text or coded value,False,0,10000,100.0,0,
beneficiary_2025.csv,Master Beneficiary Summary,112,PTC_PLAN_TYPE_CD_11,text or coded value,False,0,10000,100.0,0,
beneficiary_2025.csv,Master Beneficiary Summary,113,PTC_PLAN_TYPE_CD_12,text or coded value,False,0,10000,100.0,0,
beneficiary_2025.csv,Master Beneficiary Summary,114,PTD_CNTRCT_ID_01,text or coded value,False,7107,2893,28.93,11,Z0004
beneficiary_2025.csv,Master Beneficiary Summary,115,PTD_CNTRCT_ID_02,text or coded value,False,7094,2906,29.06,11,Z0004
beneficiary_2025.csv,Master Beneficiary Summary,116,PTD_CNTRCT_ID_03,text or coded value,False,7084,2916,29.16,11,Z0004
beneficiary_2025.csv,Master Beneficiary Summary,117,PTD_CNTRCT_ID_04,text or coded value,False,0,10000,100.0,0,
beneficiary_2025.csv,Master Beneficiary Summary,118,PTD_CNTRCT_ID_05,text or coded value,False,0,10000,100.0,0,
beneficiary_2025.csv,Master Beneficiary Summary,119,PTD_CNTRCT_ID_06,text or coded value,False,0,10000,100.0,0,
beneficiary_2025.csv,Master Beneficiary Summary,120,PTD_CNTRCT_ID_07,text or coded value,False,0,10000,100.0,0,
beneficiary_2025.csv,Master Beneficiary Summary,121,PTD_CNTRCT_ID_08,text or coded value,False,0,10000,100.0,0,
beneficiary_2025.csv,Master Beneficiary Summary,122,PTD_CNTRCT_ID_09,text or coded value,False,0,10000,100.0,0,
beneficiary_2025.csv,Master Beneficiary Summary,123,PTD_CNTRCT_ID_10,text or coded value,False,0,10000,100.0,0,
beneficiary_2025.csv,Master Beneficiary Summary,124,PTD_CNTRCT_ID_11,text or coded value,False,0,10000,100.0,0,
beneficiary_2025.csv,Master Beneficiary Summary,125,PTD_CNTRCT_ID_12,text or coded value,False,0,10000,100.0,0,
beneficiary_2025.csv,Master Beneficiary Summary,126,PTD_PBP_ID_01,text or coded value,False,6708,3292,32.92,5,804
beneficiary_2025.csv,Master Beneficiary Summary,127,PTD_PBP_ID_02,text or coded value,False,6742,3258,32.58,5,804
beneficiary_2025.csv,Master Beneficiary Summary,128,PTD_PBP_ID_03,text or coded value,False,6774,3226,32.26,5,804
beneficiary_2025.csv,Master Beneficiary Summary,129,PTD_PBP_ID_04,text or coded value,False,0,10000,100.0,0,
beneficiary_2025.csv,Master Beneficiary Summary,130,PTD_PBP_ID_05,text or coded value,False,0,10000,100.0,0,
beneficiary_2025.csv,Master Beneficiary Summary,131,PTD_PBP_ID_06,text or coded value,False,0,10000,100.0,0,
beneficiary_2025.csv,Master Beneficiary Summary,132,PTD_PBP_ID_07,text or coded value,False,0,10000,100.0,0,
beneficiary_2025.csv,Master Beneficiary Summary,133,PTD_PBP_ID_08,text or coded value,False,0,10000,100.0,0,
beneficiary_2025.csv,Master Beneficiary Summary,134,PTD_PBP_ID_09,text or coded value,False,0,10000,100.0,0,
beneficiary_2025.csv,Master Beneficiary Summary,135,PTD_PBP_ID_10,text or coded value,False,0,10000,100.0,0,
beneficiary_2025.csv,Master Beneficiary Summary,136,PTD_PBP_ID_11,text or coded value,False,0,10000,100.0,0,
beneficiary_2025.csv,Master Beneficiary Summary,137,PTD_PBP_ID_12,text or coded value,False,0,10000,100.0,0,
beneficiary_2025.csv,Master Beneficiary Summary,138,PTD_SGMT_ID_01,text or coded value,False,6708,3292,32.92,1,000
beneficiary_2025.csv,Master Beneficiary Summary,139,PTD_SGMT_ID_02,text or coded value,False,6742,3258,32.58,1,000
beneficiary_2025.csv,Master Beneficiary Summary,140,PTD_SGMT_ID_03,text or coded value,False,6774,3226,32.26,1,000
beneficiary_2025.csv,Master Beneficiary Summary,141,PTD_SGMT_ID_04,text or coded value,False,0,10000,100.0,0,
beneficiary_2025.csv,Master Beneficiary Summary,142,PTD_SGMT_ID_05,text or coded value,False,0,10000,100.0,0,
beneficiary_2025.csv,Master Beneficiary Summary,143,PTD_SGMT_ID_06,text or coded value,False,0,10000,100.0,0,
beneficiary_2025.csv,Master Beneficiary Summary,144,PTD_SGMT_ID_07,text or coded value,False,0,10000,100.0,0,
beneficiary_2025.csv,Master Beneficiary Summary,145,PTD_SGMT_ID_08,text or coded value,False,0,10000,100.0,0,
beneficiary_2025.csv,Master Beneficiary Summary,146,PTD_SGMT_ID_09,text or coded value,False,0,10000,100.0,0,
beneficiary_2025.csv,Master Beneficiary Summary,147,PTD_SGMT_ID_10,text or coded value,False,0,10000,100.0,0,
beneficiary_2025.csv,Master Beneficiary Summary,148,PTD_SGMT_ID_11,text or coded value,False,0,10000,100.0,0,
beneficiary_2025.csv,Master Beneficiary Summary,149,PTD_SGMT_ID_12,text or coded value,False,0,10000,100.0,0,
beneficiary_2025.csv,Master Beneficiary Summary,150,RDS_IND_01,text or coded value,False,7107,2893,28.93,3,N
beneficiary_2025.csv,Master Beneficiary Summary,151,RDS_IND_02,text or coded value,False,7094,2906,29.06,3,N
beneficiary_2025.csv,Master Beneficiary Summary,152,RDS_IND_03,text or coded value,False,7084,2916,29.16,3,N
beneficiary_2025.csv,Master Beneficiary Summary,153,RDS_IND_04,text or coded value,False,0,10000,100.0,0,
beneficiary_2025.csv,Master Beneficiary Summary,154,RDS_IND_05,text or coded value,False,0,10000,100.0,0,
beneficiary_2025.csv,Master Beneficiary Summary,155,RDS_IND_06,text or coded value,False,0,10000,100.0,0,
beneficiary_2025.csv,Master Beneficiary Summary,156,RDS_IND_07,text or coded value,False,0,10000,100.0,0,
beneficiary_2025.csv,Master Beneficiary Summary,157,RDS_IND_08,text or coded value,False,0,10000,100.0,0,
beneficiary_2025.csv,Master Beneficiary Summary,158,RDS_IND_09,text or coded value,False,0,10000,100.0,0,
beneficiary_2025.csv,Master Beneficiary Summary,159,RDS_IND_10,text or coded value,False,0,10000,100.0,0,
beneficiary_2025.csv,Master Beneficiary Summary,160,RDS_IND_11,text or coded value,False,0,10000,100.0,0,
beneficiary_2025.csv,Master Beneficiary Summary,161,RDS_IND_12,text or coded value,False,0,10000,100.0,0,
beneficiary_2025.csv,Master Beneficiary Summary,162,DUAL_STUS_CD_01,text or coded value,False,9985,15,0.15,10,NA
beneficiary_2025.csv,Master Beneficiary Summary,163,DUAL_STUS_CD_02,text or coded value,False,9984,16,0.16,10,NA
beneficiary_2025.csv,Master Beneficiary Summary,164,DUAL_STUS_CD_03,text or coded value,False,9984,16,0.16,10,NA
beneficiary_2025.csv,Master Beneficiary Summary,165,DUAL_STUS_CD_04,text or coded value,False,0,10000,100.0,0,
beneficiary_2025.csv,Master Beneficiary Summary,166,DUAL_STUS_CD_05,text or coded value,False,0,10000,100.0,0,
beneficiary_2025.csv,Master Beneficiary Summary,167,DUAL_STUS_CD_06,text or coded value,False,0,10000,100.0,0,
beneficiary_2025.csv,Master Beneficiary Summary,168,DUAL_STUS_CD_07,text or coded value,False,0,10000,100.0,0,
beneficiary_2025.csv,Master Beneficiary Summary,169,DUAL_STUS_CD_08,text or coded value,False,0,10000,100.0,0,
beneficiary_2025.csv,Master Beneficiary Summary,170,DUAL_STUS_CD_09,text or coded value,False,0,10000,100.0,0,
beneficiary_2025.csv,Master Beneficiary Summary,171,DUAL_STUS_CD_10,text or coded value,False,0,10000,100.0,0,
beneficiary_2025.csv,Master Beneficiary Summary,172,DUAL_STUS_CD_11,text or coded value,False,0,10000,100.0,0,
beneficiary_2025.csv,Master Beneficiary Summary,173,DUAL_STUS_CD_12,text or coded value,False,0,10000,100.0,0,
beneficiary_2025.csv,Master Beneficiary Summary,174,CST_SHR_GRP_CD_01,text or coded value,False,10000,0,0.0,5,02
beneficiary_2025.csv,Master Beneficiary Summary,175,CST_SHR_GRP_CD_02,text or coded value,False,10000,0,0.0,5,02
beneficiary_2025.csv,Master Beneficiary Summary,176,CST_SHR_GRP_CD_03,text or coded value,False,10000,0,0.0,5,02
beneficiary_2025.csv,Master Beneficiary Summary,177,CST_SHR_GRP_CD_04,text or coded value,False,0,10000,100.0,0,
beneficiary_2025.csv,Master Beneficiary Summary,178,CST_SHR_GRP_CD_05,text or coded value,False,0,10000,100.0,0,
beneficiary_2025.csv,Master Beneficiary Summary,179,CST_SHR_GRP_CD_06,text or coded value,False,0,10000,100.0,0,
beneficiary_2025.csv,Master Beneficiary Summary,180,CST_SHR_GRP_CD_07,text or coded value,False,0,10000,100.0,0,
beneficiary_2025.csv,Master Beneficiary Summary,181,CST_SHR_GRP_CD_08,text or coded value,False,0,10000,100.0,0,
beneficiary_2025.csv,Master Beneficiary Summary,182,CST_SHR_GRP_CD_09,text or coded value,False,0,10000,100.0,0,
beneficiary_2025.csv,Master Beneficiary Summary,183,CST_SHR_GRP_CD_10,text or coded value,False,0,10000,100.0,0,
beneficiary_2025.csv,Master Beneficiary Summary,184,CST_SHR_GRP_CD_11,text or coded value,False,0,10000,100.0,0,
beneficiary_2025.csv,Master Beneficiary Summary,185,CST_SHR_GRP_CD_12,text or coded value,False,0,10000,100.0,0,
carrier.csv,Carrier,1,BENE_ID,key,True,1121004,0,0.0,415,-10000010254618
carrier.csv,Carrier,2,CLM_ID,key,True,1121004,0,0.0,3945,-10000930037915
carrier.csv,Carrier,3,NCH_NEAR_LINE_REC_IDENT_CD,coded dimension,False,1121004,0,0.0,1,O
carrier.csv,Carrier,4,NCH_CLM_TYPE_CD,coded dimension,False,1121004,0,0.0,1,71
carrier.csv,Carrier,5,CLM_FROM_DT,date,True,1121004,0,0.0,2168,28-Sep-2015
carrier.csv,Carrier,6,CLM_THRU_DT,date,True,1121004,0,0.0,2167,28-Sep-2015
carrier.csv,Carrier,7,NCH_WKLY_PROC_DT,date,False,1121004,0,0.0,417,02-Oct-2015
carrier.csv,Carrier,8,CARR_CLM_ENTRY_CD,coded dimension,False,1121004,0,0.0,1,1
carrier.csv,Carrier,9,CLM_DISP_CD,coded dimension,False,1121004,0,0.0,1,1
carrier.csv,Carrier,10,CARR_NUM,numeric candidate,False,1121004,0,0.0,5,00510
carrier.csv,Carrier,11,CARR_CLM_PMT_DNL_CD,coded dimension,False,1121004,0,0.0,1,1
carrier.csv,Carrier,12,CLM_PMT_AMT,metric,True,1121004,0,0.0,2453,932.69
carrier.csv,Carrier,13,CARR_CLM_PRMRY_PYR_PD_AMT,numeric candidate,False,1121004,0,0.0,404,0
carrier.csv,Carrier,14,RFR_PHYSN_UPIN,text or coded value,False,109597,1011407,90.22,20,C73634
carrier.csv,Carrier,15,RFR_PHYSN_NPI,identifier,False,1121004,0,0.0,230,9999971093
carrier.csv,Carrier,16,CARR_CLM_PRVDR_ASGNMT_IND_SW,coded dimension,False,1121004,0,0.0,1,A
carrier.csv,Carrier,17,NCH_CLM_PRVDR_PMT_AMT,numeric candidate,False,1121004,0,0.0,2453,932.69
carrier.csv,Carrier,18,NCH_CLM_BENE_PMT_AMT,numeric candidate,False,1121004,0,0.0,1,0
carrier.csv,Carrier,19,NCH_CARR_CLM_SBMTD_CHRG_AMT,numeric candidate,False,1121004,0,0.0,2168,1165.87
carrier.csv,Carrier,20,NCH_CARR_CLM_ALOWD_AMT,numeric candidate,False,1121004,0,0.0,2453,932.69
carrier.csv,Carrier,21,CARR_CLM_CASH_DDCTBL_APLD_AMT,numeric candidate,False,1121004,0,0.0,384,0.00
carrier.csv,Carrier,22,CARR_CLM_HCPCS_YR_CD,date,False,1121004,0,0.0,1,1
carrier.csv,Carrier,23,CARR_CLM_RFRNG_PIN_NUM,numeric candidate,False,247936,873068,77.88,50,J232
carrier.csv,Carrier,24,PRNCPAL_DGNS_CD,diagnosis,True,1121004,0,0.0,78,R4689
carrier.csv,Carrier,25,PRNCPAL_DGNS_VRSN_CD,coded dimension,False,1121004,0,0.0,1,0
carrier.csv,Carrier,26,ICD_DGNS_CD1,diagnosis,True,1121004,0,0.0,150,R4689
carrier.csv,Carrier,27,ICD_DGNS_VRSN_CD1,text or coded value,False,1121004,0,0.0,1,0
carrier.csv,Carrier,28,ICD_DGNS_CD2,text or coded value,False,1117787,3217,0.29,154,E781
carrier.csv,Carrier,29,ICD_DGNS_VRSN_CD2,text or coded value,False,1117787,3217,0.29,1,0
carrier.csv,Carrier,30,ICD_DGNS_CD3,text or coded value,False,1112441,8563,0.76,149,J329
carrier.csv,Carrier,31,ICD_DGNS_VRSN_CD3,text or coded value,False,1112441,8563,0.76,1,0
carrier.csv,Carrier,32,ICD_DGNS_CD4,text or coded value,False,1104296,16708,1.49,142,E119
carrier.csv,Carrier,33,ICD_DGNS_VRSN_CD4,text or coded value,False,1104296,16708,1.49,1,0
carrier.csv,Carrier,34,ICD_DGNS_CD5,text or coded value,False,1094101,26903,2.4,141,D649
carrier.csv,Carrier,35,ICD_DGNS_VRSN_CD5,text or coded value,False,1094101,26903,2.4,1,0
carrier.csv,Carrier,36,ICD_DGNS_CD6,text or coded value,False,1078342,42662,3.81,145,E089
carrier.csv,Carrier,37,ICD_DGNS_VRSN_CD6,text or coded value,False,1078342,42662,3.81,1,0
carrier.csv,Carrier,38,ICD_DGNS_CD7,text or coded value,False,1049422,71582,6.39,143,B965
carrier.csv,Carrier,39,ICD_DGNS_VRSN_CD7,text or coded value,False,1049422,71582,6.39,1,0
carrier.csv,Carrier,40,ICD_DGNS_CD8,text or coded value,False,1014224,106780,9.53,137,E848
carrier.csv,Carrier,41,ICD_DGNS_VRSN_CD8,text or coded value,False,1014224,106780,9.53,1,0
carrier.csv,Carrier,42,ICD_DGNS_CD9,text or coded value,False,968138,152866,13.64,136,E849
carrier.csv,Carrier,43,ICD_DGNS_VRSN_CD9,text or coded value,False,968138,152866,13.64,1,0
carrier.csv,Carrier,44,ICD_DGNS_CD10,text or coded value,False,916891,204113,18.21,133,E848
carrier.csv,Carrier,45,ICD_DGNS_VRSN_CD10,text or coded value,False,916891,204113,18.21,1,0
carrier.csv,Carrier,46,ICD_DGNS_CD11,text or coded value,False,855868,265136,23.65,131,E849
carrier.csv,Carrier,47,ICD_DGNS_VRSN_CD11,text or coded value,False,855868,265136,23.65,1,0
carrier.csv,Carrier,48,ICD_DGNS_CD12,text or coded value,False,798304,322700,28.79,121,B965
carrier.csv,Carrier,49,ICD_DGNS_VRSN_CD12,text or coded value,False,798304,322700,28.79,1,0
carrier.csv,Carrier,50,CLM_CLNCL_TRIL_NUM,numeric candidate,False,0,1121004,100.0,0,
carrier.csv,Carrier,51,CARR_CLM_BLG_NPI_NUM,numeric candidate,False,1121004,0,0.0,298,1063654341
carrier.csv,Carrier,52,LINE_NUM,key,True,1121004,0,0.0,28,1
carrier.csv,Carrier,53,CARR_PRFRNG_PIN_NUM,numeric candidate,False,247936,873068,77.88,50,J232
carrier.csv,Carrier,54,PRF_PHYSN_UPIN,text or coded value,False,109597,1011407,90.22,20,C73634
carrier.csv,Carrier,55,PRF_PHYSN_NPI,identifier,False,1121004,0,0.0,230,9999971093
carrier.csv,Carrier,56,ORG_NPI_NUM,dimension,True,1121004,0,0.0,298,1063654341
carrier.csv,Carrier,57,CARR_LINE_PRVDR_TYPE_CD,coded dimension,False,1121004,0,0.0,1,0
carrier.csv,Carrier,58,TAX_NUM,numeric candidate,False,1121004,0,0.0,230,999349929
carrier.csv,Carrier,59,PRVDR_STATE_CD,dimension,True,1121004,0,0.0,5,AL
carrier.csv,Carrier,60,PRVDR_ZIP,text or coded value,False,1121004,0,0.0,291,361162501
carrier.csv,Carrier,61,PRVDR_SPCLTY,text or coded value,False,1121004,0,0.0,1,01
carrier.csv,Carrier,62,PRTCPTNG_IND_CD,coded dimension,False,1121004,0,0.0,7,1
carrier.csv,Carrier,63,CARR_LINE_RDCD_PMT_PHYS_ASTN_C,text or coded value,False,1121004,0,0.0,1,0
carrier.csv,Carrier,64,LINE_SRVC_CNT,metric,True,1121004,0,0.0,27,10
carrier.csv,Carrier,65,LINE_CMS_TYPE_SRVC_CD,coded dimension,False,1121004,0,0.0,1,1
carrier.csv,Carrier,66,LINE_PLACE_OF_SRVC_CD,coded dimension,False,1121004,0,0.0,5,11
carrier.csv,Carrier,67,CARR_LINE_PRCNG_LCLTY_CD,coded dimension,False,1121004,0,0.0,5,1
carrier.csv,Carrier,68,LINE_1ST_EXPNS_DT,date,False,1121004,0,0.0,2168,28-Sep-2015
carrier.csv,Carrier,69,LINE_LAST_EXPNS_DT,date,False,1121004,0,0.0,2167,28-Sep-2015
carrier.csv,Carrier,70,HCPCS_CD,procedure,True,420619,700385,62.48,18,96127
carrier.csv,Carrier,71,HCPCS_1ST_MDFR_CD,coded dimension,False,0,1121004,100.0,0,
carrier.csv,Carrier,72,HCPCS_2ND_MDFR_CD,coded dimension,False,0,1121004,100.0,0,
carrier.csv,Carrier,73,BETOS_CD,coded dimension,False,182229,938775,83.74,4,Y1
carrier.csv,Carrier,74,LINE_NCH_PMT_AMT,metric,True,1121004,0,0.0,2387,91.04
carrier.csv,Carrier,75,LINE_BENE_PMT_AMT,metric,True,1121004,0,0.0,1,0
carrier.csv,Carrier,76,LINE_PRVDR_PMT_AMT,numeric candidate,False,1121004,0,0.0,2387,91.04
carrier.csv,Carrier,77,LINE_BENE_PTB_DDCTBL_AMT,numeric candidate,False,1121004,0,0.0,438,0.00
carrier.csv,Carrier,78,LINE_BENE_PRMRY_PYR_CD,coded dimension,False,1121004,0,0.0,1, 
carrier.csv,Carrier,79,LINE_BENE_PRMRY_PYR_PD_AMT,numeric candidate,False,1121004,0,0.0,1,0
carrier.csv,Carrier,80,LINE_COINSRNC_AMT,numeric candidate,False,1121004,0,0.0,2040,91.04
carrier.csv,Carrier,81,LINE_SBMTD_CHRG_AMT,numeric candidate,False,1121004,0,0.0,2055,113.80
carrier.csv,Carrier,82,LINE_ALOWD_CHRG_AMT,metric,True,1121004,0,0.0,2055,113.80
carrier.csv,Carrier,83,LINE_PRCSG_IND_CD,coded dimension,False,1121004,0,0.0,1,A
carrier.csv,Carrier,84,LINE_PMT_80_100_CD,coded dimension,False,0,1121004,100.0,0,
carrier.csv,Carrier,85,LINE_SERVICE_DEDUCTIBLE,text or coded value,False,0,1121004,100.0,0,
carrier.csv,Carrier,86,CARR_LINE_MTUS_CNT,numeric candidate,False,1121004,0,0.0,45,29
carrier.csv,Carrier,87,CARR_LINE_MTUS_CD,coded dimension,False,0,1121004,100.0,0,
carrier.csv,Carrier,88,LINE_ICD_DGNS_CD,coded dimension,False,542641,578363,51.59,170,R4689
carrier.csv,Carrier,89,LINE_ICD_DGNS_VRSN_CD,coded dimension,False,1121004,0,0.0,1,0
carrier.csv,Carrier,90,HPSA_SCRCTY_IND_CD,coded dimension,False,1121004,0,0.0,1, 
carrier.csv,Carrier,91,CARR_LINE_RX_NUM,numeric candidate,False,0,1121004,100.0,0,
carrier.csv,Carrier,92,LINE_HCT_HGB_RSLT_NUM,numeric candidate,False,1121004,0,0.0,1,0.0
carrier.csv,Carrier,93,LINE_HCT_HGB_TYPE_CD,coded dimension,False,1121004,0,0.0,1,R1
carrier.csv,Carrier,94,LINE_NDC_CD,coded dimension,False,0,1121004,100.0,0,
carrier.csv,Carrier,95,CARR_LINE_CLIA_LAB_NUM,numeric candidate,False,40288,1080716,96.41,8,01D0305830
carrier.csv,Carrier,96,CARR_LINE_ANSTHSA_UNIT_CNT,numeric candidate,False,1121004,0,0.0,2,0
dme.csv,Durable Medical Equipment,1,BENE_ID,key,True,103828,0,0.0,2617,-10000010254618
dme.csv,Durable Medical Equipment,2,CLM_ID,key,True,103828,0,0.0,18034,-10000930037927
dme.csv,Durable Medical Equipment,3,NCH_NEAR_LINE_REC_IDENT_CD,coded dimension,False,103828,0,0.0,1,M
dme.csv,Durable Medical Equipment,4,NCH_CLM_TYPE_CD,coded dimension,False,103828,0,0.0,1,82
dme.csv,Durable Medical Equipment,5,CLM_FROM_DT,date,True,103828,0,0.0,2913,25-Mar-2015
dme.csv,Durable Medical Equipment,6,CLM_THRU_DT,date,True,103828,0,0.0,2913,25-Mar-2015
dme.csv,Durable Medical Equipment,7,NCH_WKLY_PROC_DT,date,False,103828,0,0.0,417,24-Apr-2015
dme.csv,Durable Medical Equipment,8,CARR_CLM_ENTRY_CD,coded dimension,False,103828,0,0.0,1,1
dme.csv,Durable Medical Equipment,9,CLM_DISP_CD,coded dimension,False,103828,0,0.0,1,1
dme.csv,Durable Medical Equipment,10,CARR_NUM,numeric candidate,False,103828,0,0.0,30,00510
dme.csv,Durable Medical Equipment,11,CARR_CLM_PMT_DNL_CD,coded dimension,False,103828,0,0.0,1,1
dme.csv,Durable Medical Equipment,12,CLM_PMT_AMT,metric,True,103828,0,0.0,714,0.00
dme.csv,Durable Medical Equipment,13,CARR_CLM_PRMRY_PYR_PD_AMT,numeric candidate,False,103828,0,0.0,714,0.00
dme.csv,Durable Medical Equipment,14,CARR_CLM_PRVDR_ASGNMT_IND_SW,coded dimension,False,103828,0,0.0,1,A
dme.csv,Durable Medical Equipment,15,NCH_CLM_PRVDR_PMT_AMT,numeric candidate,False,103828,0,0.0,714,0.00
dme.csv,Durable Medical Equipment,16,NCH_CLM_BENE_PMT_AMT,numeric candidate,False,103828,0,0.0,1,0
dme.csv,Durable Medical Equipment,17,NCH_CARR_CLM_SBMTD_CHRG_AMT,numeric candidate,False,103828,0,0.0,649,0.00
dme.csv,Durable Medical Equipment,18,NCH_CARR_CLM_ALOWD_AMT,numeric candidate,False,103828,0,0.0,714,0.00
dme.csv,Durable Medical Equipment,19,CARR_CLM_CASH_DDCTBL_APLD_AMT,numeric candidate,False,103828,0,0.0,63,0.00
dme.csv,Durable Medical Equipment,20,CARR_CLM_HCPCS_YR_CD,date,False,103828,0,0.0,1,1
dme.csv,Durable Medical Equipment,21,PRNCPAL_DGNS_CD,diagnosis,True,103828,0,0.0,198,S134XX
dme.csv,Durable Medical Equipment,22,PRNCPAL_DGNS_VRSN_CD,coded dimension,False,103828,0,0.0,1,0
dme.csv,Durable Medical Equipment,23,ICD_DGNS_CD1,diagnosis,True,103828,0,0.0,197,S134XX
dme.csv,Durable Medical Equipment,24,ICD_DGNS_VRSN_CD1,text or coded value,False,103828,0,0.0,1,0
dme.csv,Durable Medical Equipment,25,ICD_DGNS_CD2,text or coded value,False,103828,0,0.0,213,R4689
dme.csv,Durable Medical Equipment,26,ICD_DGNS_VRSN_CD2,text or coded value,False,103828,0,0.0,1,0
dme.csv,Durable Medical Equipment,27,ICD_DGNS_CD3,text or coded value,False,103802,26,0.03,209,E781
dme.csv,Durable Medical Equipment,28,ICD_DGNS_VRSN_CD3,text or coded value,False,103802,26,0.03,1,0
dme.csv,Durable Medical Equipment,29,ICD_DGNS_CD4,text or coded value,False,103677,151,0.15,201,J329
dme.csv,Durable Medical Equipment,30,ICD_DGNS_VRSN_CD4,text or coded value,False,103677,151,0.15,1,0
dme.csv,Durable Medical Equipment,31,ICD_DGNS_CD5,text or coded value,False,103283,545,0.52,201,E119
dme.csv,Durable Medical Equipment,32,ICD_DGNS_VRSN_CD5,text or coded value,False,103283,545,0.52,1,0
dme.csv,Durable Medical Equipment,33,ICD_DGNS_CD6,text or coded value,False,102214,1614,1.55,196,D649
dme.csv,Durable Medical Equipment,34,ICD_DGNS_VRSN_CD6,text or coded value,False,102214,1614,1.55,1,0
dme.csv,Durable Medical Equipment,35,ICD_DGNS_CD7,text or coded value,False,100165,3663,3.53,190,E849
dme.csv,Durable Medical Equipment,36,ICD_DGNS_VRSN_CD7,text or coded value,False,100165,3663,3.53,1,0
dme.csv,Durable Medical Equipment,37,ICD_DGNS_CD8,text or coded value,False,97047,6781,6.53,177,B965
dme.csv,Durable Medical Equipment,38,ICD_DGNS_VRSN_CD8,text or coded value,False,97047,6781,6.53,1,0
dme.csv,Durable Medical Equipment,39,ICD_DGNS_CD9,text or coded value,False,92572,11256,10.84,171,N469
dme.csv,Durable Medical Equipment,40,ICD_DGNS_VRSN_CD9,text or coded value,False,92572,11256,10.84,1,0
dme.csv,Durable Medical Equipment,41,ICD_DGNS_CD10,text or coded value,False,86957,16871,16.25,165,E849
dme.csv,Durable Medical Equipment,42,ICD_DGNS_VRSN_CD10,text or coded value,False,86957,16871,16.25,1,0
dme.csv,Durable Medical Equipment,43,ICD_DGNS_CD11,text or coded value,False,80100,23728,22.85,166,E089
dme.csv,Durable Medical Equipment,44,ICD_DGNS_VRSN_CD11,text or coded value,False,80100,23728,22.85,1,0
dme.csv,Durable Medical Equipment,45,ICD_DGNS_CD12,text or coded value,False,73292,30536,29.41,160,B965
dme.csv,Durable Medical Equipment,46,ICD_DGNS_VRSN_CD12,text or coded value,False,73292,30536,29.41,1,0
dme.csv,Durable Medical Equipment,47,RFR_PHYSN_UPIN,text or coded value,False,6352,97476,93.88,105,01-T144
dme.csv,Durable Medical Equipment,48,RFR_PHYSN_NPI,identifier,False,103828,0,0.0,1531,9999841890
dme.csv,Durable Medical Equipment,49,CLM_CLNCL_TRIL_NUM,numeric candidate,False,0,103828,100.0,0,
dme.csv,Durable Medical Equipment,50,LINE_NUM,key,True,103828,0,0.0,9,1
dme.csv,Durable Medical Equipment,51,TAX_NUM,numeric candidate,False,103828,0,0.0,1531,999562511
dme.csv,Durable Medical Equipment,52,PRVDR_SPCLTY,text or coded value,False,103828,0,0.0,1,01
dme.csv,Durable Medical Equipment,53,PRTCPTNG_IND_CD,coded dimension,False,103828,0,0.0,7,2
dme.csv,Durable Medical Equipment,54,LINE_SRVC_CNT,metric,True,103828,0,0.0,122,43
dme.csv,Durable Medical Equipment,55,LINE_CMS_TYPE_SRVC_CD,coded dimension,False,103828,0,0.0,3,R
dme.csv,Durable Medical Equipment,56,LINE_PLACE_OF_SRVC_CD,coded dimension,False,103828,0,0.0,9,31
dme.csv,Durable Medical Equipment,57,LINE_1ST_EXPNS_DT,date,False,103828,0,0.0,2914,25-Mar-2015
dme.csv,Durable Medical Equipment,58,LINE_LAST_EXPNS_DT,date,False,103828,0,0.0,2908,18-Apr-2015
dme.csv,Durable Medical Equipment,59,HCPCS_CD,procedure,True,103828,0,0.0,38,K0002
dme.csv,Durable Medical Equipment,60,HCPCS_1ST_MDFR_CD,coded dimension,False,0,103828,100.0,0,
dme.csv,Durable Medical Equipment,61,HCPCS_2ND_MDFR_CD,coded dimension,False,0,103828,100.0,0,
dme.csv,Durable Medical Equipment,62,BETOS_CD,coded dimension,False,103828,0,0.0,4,D1D
dme.csv,Durable Medical Equipment,63,LINE_NCH_PMT_AMT,metric,True,103828,0,0.0,636,0.00
dme.csv,Durable Medical Equipment,64,LINE_BENE_PMT_AMT,metric,True,103828,0,0.0,1,0
dme.csv,Durable Medical Equipment,65,LINE_PRVDR_PMT_AMT,numeric candidate,False,103828,0,0.0,636,0.00
dme.csv,Durable Medical Equipment,66,LINE_BENE_PTB_DDCTBL_AMT,numeric candidate,False,103828,0,0.0,60,0.00
dme.csv,Durable Medical Equipment,67,LINE_BENE_PRMRY_PYR_CD,coded dimension,False,103828,0,0.0,1, 
dme.csv,Durable Medical Equipment,68,LINE_BENE_PRMRY_PYR_PD_AMT,numeric candidate,False,103828,0,0.0,1,1
dme.csv,Durable Medical Equipment,69,LINE_PRMRY_ALOWD_CHRG_AMT,numeric candidate,False,103828,0,0.0,586,0.00
dme.csv,Durable Medical Equipment,70,LINE_SBMTD_CHRG_AMT,numeric candidate,False,103828,0,0.0,586,0.00
dme.csv,Durable Medical Equipment,71,LINE_ALOWD_CHRG_AMT,metric,True,103828,0,0.0,586,0.00
dme.csv,Durable Medical Equipment,72,LINE_PRCSG_IND_CD,coded dimension,False,103828,0,0.0,1,A
dme.csv,Durable Medical Equipment,73,LINE_PMT_80_100_CD,coded dimension,False,0,103828,100.0,0,
dme.csv,Durable Medical Equipment,74,LINE_SERVICE_DEDUCTIBLE,text or coded value,False,0,103828,100.0,0,
dme.csv,Durable Medical Equipment,75,LINE_ICD_DGNS_VRSN_CD,coded dimension,False,103828,0,0.0,1,0
dme.csv,Durable Medical Equipment,76,PRVDR_NUM,dimension,True,103828,0,0.0,3124,015037
dme.csv,Durable Medical Equipment,77,PRVDR_NPI,identifier,False,103828,0,0.0,3134,1336780048
dme.csv,Durable Medical Equipment,78,DMERC_LINE_PRCNG_STATE_CD,coded dimension,False,103828,0,0.0,30,01
dme.csv,Durable Medical Equipment,79,PRVDR_STATE_CD,dimension,True,103828,0,0.0,30,01
dme.csv,Durable Medical Equipment,80,DMERC_LINE_SUPPLR_TYPE_CD,coded dimension,False,103828,0,0.0,9,8
dme.csv,Durable Medical Equipment,81,HCPCS_3RD_MDFR_CD,coded dimension,False,0,103828,100.0,0,
dme.csv,Durable Medical Equipment,82,HCPCS_4TH_MDFR_CD,coded dimension,False,0,103828,100.0,0,
dme.csv,Durable Medical Equipment,83,DMERC_LINE_SCRN_SVGS_AMT,numeric candidate,False,103828,0,0.0,1,0
dme.csv,Durable Medical Equipment,84,DMERC_LINE_MTUS_CNT,numeric candidate,False,91834,11994,11.55,4,50
dme.csv,Durable Medical Equipment,85,DMERC_LINE_MTUS_CD,coded dimension,False,103828,0,0.0,1,0
dme.csv,Durable Medical Equipment,86,LINE_HCT_HGB_RSLT_NUM,numeric candidate,False,103828,0,0.0,1,0.0
dme.csv,Durable Medical Equipment,87,LINE_NDC_CD,coded dimension,False,0,103828,100.0,0,
hha.csv,Home Health Agency,1,BENE_ID,key,True,6215,0,0.0,449,-10000010254850
hha.csv,Home Health Agency,2,CLM_ID,key,True,6215,0,0.0,493,-10000930044285
hha.csv,Home Health Agency,3,NCH_NEAR_LINE_REC_IDENT_CD,coded dimension,False,6215,0,0.0,3,W
hha.csv,Home Health Agency,4,NCH_CLM_TYPE_CD,coded dimension,False,6215,0,0.0,1,10
hha.csv,Home Health Agency,5,CLM_FROM_DT,date,True,6215,0,0.0,454,14-Oct-2021
hha.csv,Home Health Agency,6,CLM_THRU_DT,date,True,6215,0,0.0,457,09-Nov-2021
hha.csv,Home Health Agency,7,NCH_WKLY_PROC_DT,date,False,6215,0,0.0,299,12-Nov-2021
hha.csv,Home Health Agency,8,FI_CLM_PROC_DT,date,False,0,6215,100.0,0,
hha.csv,Home Health Agency,9,PRVDR_NUM,dimension,True,6215,0,0.0,418,017879
hha.csv,Home Health Agency,10,CLM_FAC_TYPE_CD,coded dimension,False,6215,0,0.0,1,3
hha.csv,Home Health Agency,11,CLM_SRVC_CLSFCTN_TYPE_CD,coded dimension,False,6215,0,0.0,1,3
hha.csv,Home Health Agency,12,CLM_FREQ_CD,coded dimension,False,6215,0,0.0,2,9
hha.csv,Home Health Agency,13,FI_NUM,numeric candidate,False,0,6215,100.0,0,
hha.csv,Home Health Agency,14,CLM_MDCR_NON_PMT_RSN_CD,coded dimension,False,6215,0,0.0,1, 
hha.csv,Home Health Agency,15,CLM_PMT_AMT,metric,True,6215,0,0.0,487,11853.87
hha.csv,Home Health Agency,16,NCH_PRMRY_PYR_CLM_PD_AMT,numeric candidate,False,6215,0,0.0,54,0
hha.csv,Home Health Agency,17,NCH_PRMRY_PYR_CD,coded dimension,False,6215,0,0.0,1, 
hha.csv,Home Health Agency,18,PRVDR_STATE_CD,dimension,True,6215,0,0.0,49,01
hha.csv,Home Health Agency,19,ORG_NPI_NUM,dimension,True,6215,0,0.0,418,1225513278
hha.csv,Home Health Agency,20,AT_PHYSN_UPIN,text or coded value,False,6215,0,0.0,1, 
hha.csv,Home Health Agency,21,AT_PHYSN_NPI,identifier,False,5722,493,7.93,402,9999873695
hha.csv,Home Health Agency,22,PTNT_DSCHRG_STUS_CD,dimension,True,6215,0,0.0,1,1
hha.csv,Home Health Agency,23,CLM_PPS_IND_CD,coded dimension,False,6215,0,0.0,1, 
hha.csv,Home Health Agency,24,CLM_TOT_CHRG_AMT,metric,True,6215,0,0.0,491,14817.33
hha.csv,Home Health Agency,25,PRNCPAL_DGNS_CD,diagnosis,True,6215,0,0.0,64,Z733
hha.csv,Home Health Agency,26,ICD_DGNS_CD1,diagnosis,True,6215,0,0.0,64,Z733
hha.csv,Home Health Agency,27,ICD_DGNS_CD2,text or coded value,False,6215,0,0.0,76,M179
hha.csv,Home Health Agency,28,ICD_DGNS_CD3,text or coded value,False,6203,12,0.19,86,T50901A
hha.csv,Home Health Agency,29,ICD_DGNS_CD4,text or coded value,False,6186,29,0.47,82,Z604
hha.csv,Home Health Agency,30,ICD_DGNS_CD5,text or coded value,False,6144,71,1.14,80,E669
hha.csv,Home Health Agency,31,ICD_DGNS_CD6,text or coded value,False,6018,197,3.17,81,Z558
hha.csv,Home Health Agency,32,ICD_DGNS_CD7,text or coded value,False,5690,525,8.45,87,R809
hha.csv,Home Health Agency,33,ICD_DGNS_CD8,text or coded value,False,5426,789,12.7,76,N181
hha.csv,Home Health Agency,34,ICD_DGNS_CD9,text or coded value,False,5039,1176,18.92,78,E1121
hha.csv,Home Health Agency,35,ICD_DGNS_CD10,text or coded value,False,4570,1645,26.47,70,E785
hha.csv,Home Health Agency,36,ICD_DGNS_CD11,text or coded value,False,4130,2085,33.55,77,E8881
hha.csv,Home Health Agency,37,ICD_DGNS_CD12,text or coded value,False,3508,2707,43.56,65,E669
hha.csv,Home Health Agency,38,ICD_DGNS_CD13,text or coded value,False,2889,3326,53.52,61,P292
hha.csv,Home Health Agency,39,ICD_DGNS_CD14,text or coded value,False,2382,3833,61.67,54,D649
hha.csv,Home Health Agency,40,ICD_DGNS_CD15,text or coded value,False,2007,4208,67.71,46,Z653
hha.csv,Home Health Agency,41,ICD_DGNS_CD16,text or coded value,False,1764,4451,71.62,47,R7303
hha.csv,Home Health Agency,42,ICD_DGNS_CD17,text or coded value,False,1462,4753,76.48,36,Z558
hha.csv,Home Health Agency,43,ICD_DGNS_CD18,text or coded value,False,1190,5025,80.85,31,D649
hha.csv,Home Health Agency,44,ICD_DGNS_CD19,text or coded value,False,921,5294,85.18,31,E669
hha.csv,Home Health Agency,45,ICD_DGNS_CD20,text or coded value,False,646,5569,89.61,31,Z7689
hha.csv,Home Health Agency,46,ICD_DGNS_CD21,text or coded value,False,395,5820,93.64,24,Z5989
hha.csv,Home Health Agency,47,ICD_DGNS_CD22,text or coded value,False,272,5943,95.62,16,Z9189
hha.csv,Home Health Agency,48,ICD_DGNS_CD23,text or coded value,False,165,6050,97.35,10,A419
hha.csv,Home Health Agency,49,ICD_DGNS_CD24,text or coded value,False,118,6097,98.1,7,O039
hha.csv,Home Health Agency,50,ICD_DGNS_CD25,text or coded value,False,104,6111,98.33,11,J329
hha.csv,Home Health Agency,51,FST_DGNS_E_CD,coded dimension,False,4053,2162,34.79,41,W86
hha.csv,Home Health Agency,52,ICD_DGNS_E_CD1,text or coded value,False,4053,2162,34.79,36,W86
hha.csv,Home Health Agency,53,ICD_DGNS_E_CD2,text or coded value,False,6215,0,0.0,1, 
hha.csv,Home Health Agency,54,ICD_DGNS_E_CD3,text or coded value,False,6215,0,0.0,1, 
hha.csv,Home Health Agency,55,ICD_DGNS_E_CD4,text or coded value,False,6215,0,0.0,1, 
hha.csv,Home Health Agency,56,ICD_DGNS_E_CD5,text or coded value,False,6215,0,0.0,1, 
hha.csv,Home Health Agency,57,ICD_DGNS_E_CD6,text or coded value,False,6215,0,0.0,1, 
hha.csv,Home Health Agency,58,ICD_DGNS_E_CD7,text or coded value,False,6215,0,0.0,1, 
hha.csv,Home Health Agency,59,ICD_DGNS_E_CD8,text or coded value,False,6215,0,0.0,1, 
hha.csv,Home Health Agency,60,ICD_DGNS_E_CD9,text or coded value,False,6215,0,0.0,1, 
hha.csv,Home Health Agency,61,ICD_DGNS_E_CD10,text or coded value,False,6215,0,0.0,1, 
hha.csv,Home Health Agency,62,ICD_DGNS_E_CD11,text or coded value,False,6215,0,0.0,1, 
hha.csv,Home Health Agency,63,ICD_DGNS_E_CD12,text or coded value,False,6215,0,0.0,1, 
hha.csv,Home Health Agency,64,CLM_HHA_LUPA_IND_CD,coded dimension,False,0,6215,100.0,0,
hha.csv,Home Health Agency,65,CLM_HHA_RFRL_CD,coded dimension,False,0,6215,100.0,0,
hha.csv,Home Health Agency,66,CLM_HHA_TOT_VISIT_CNT,numeric candidate,False,6215,0,0.0,31,28
hha.csv,Home Health Agency,67,CLM_ADMSN_DT,date,True,6215,0,0.0,454,14-Oct-2021
hha.csv,Home Health Agency,68,CLAIM_QUERY_CODE,text or coded value,False,6215,0,0.0,1,3
hha.csv,Home Health Agency,69,CLM_LINE_NUM,key,True,6215,0,0.0,19,1
hha.csv,Home Health Agency,70,REV_CNTR,text or coded value,False,6215,0,0.0,9,0581
hha.csv,Home Health Agency,71,REV_CNTR_DT,date,False,6215,0,0.0,2216,09-Nov-2021
hha.csv,Home Health Agency,72,REV_CNTR_1ST_ANSI_CD,coded dimension,False,0,6215,100.0,0,
hha.csv,Home Health Agency,73,REV_CNTR_APC_HIPPS_CD,coded dimension,False,0,6215,100.0,0,
hha.csv,Home Health Agency,74,HCPCS_CD,procedure,True,5722,493,7.93,21,99238
hha.csv,Home Health Agency,75,HCPCS_1ST_MDFR_CD,coded dimension,False,0,6215,100.0,0,
hha.csv,Home Health Agency,76,HCPCS_2ND_MDFR_CD,coded dimension,False,0,6215,100.0,0,
hha.csv,Home Health Agency,77,REV_CNTR_PMT_MTHD_IND_CD,coded dimension,False,6215,0,0.0,1,4
hha.csv,Home Health Agency,78,REV_CNTR_UNIT_CNT,numeric candidate,False,5722,493,7.93,8,1
hha.csv,Home Health Agency,79,REV_CNTR_RATE_AMT,numeric candidate,False,5722,493,7.93,1118,459.10
hha.csv,Home Health Agency,80,REV_CNTR_PMT_AMT_AMT,numeric candidate,False,6215,0,0.0,1813,367.28
hha.csv,Home Health Agency,81,REV_CNTR_TOT_CHRG_AMT,metric,True,6215,0,0.0,1761,459.10
hha.csv,Home Health Agency,82,REV_CNTR_NCVRD_CHRG_AMT,numeric candidate,False,6215,0,0.0,237,0.00
hha.csv,Home Health Agency,83,REV_CNTR_DDCTBL_COINSRNC_CD,coded dimension,False,5722,493,7.93,4,3
hha.csv,Home Health Agency,84,REV_CNTR_STUS_IND_CD,coded dimension,False,6215,0,0.0,1,4
hha.csv,Home Health Agency,85,REV_CNTR_NDC_QTY,text or coded value,False,0,6215,100.0,0,
hha.csv,Home Health Agency,86,REV_CNTR_NDC_QTY_QLFR_CD,coded dimension,False,0,6215,100.0,0,
hha.csv,Home Health Agency,87,RNDRNG_PHYSN_UPIN,text or coded value,False,6215,0,0.0,1, 
hha.csv,Home Health Agency,88,RNDRNG_PHYSN_NPI,dimension,True,5722,493,7.93,402,9999873695
hospice.csv,Hospice,1,BENE_ID,key,True,12107,0,0.0,1086,-10000010254676
hospice.csv,Hospice,2,CLM_ID,key,True,12107,0,0.0,1086,-10000930038434
hospice.csv,Hospice,3,NCH_NEAR_LINE_REC_IDENT_CD,coded dimension,False,12107,0,0.0,1,V
hospice.csv,Hospice,4,NCH_CLM_TYPE_CD,coded dimension,False,12107,0,0.0,1,50
hospice.csv,Hospice,5,CLM_FROM_DT,date,True,12107,0,0.0,903,27-Oct-2019
hospice.csv,Hospice,6,CLM_THRU_DT,date,True,12107,0,0.0,892,16-Nov-2019
hospice.csv,Hospice,7,NCH_WKLY_PROC_DT,date,False,12107,0,0.0,385,22-Nov-2019
hospice.csv,Hospice,8,FI_CLM_PROC_DT,date,False,0,12107,100.0,0,
hospice.csv,Hospice,9,PRVDR_NUM,dimension,True,12107,0,0.0,820,011517
hospice.csv,Hospice,10,CLM_FAC_TYPE_CD,coded dimension,False,12107,0,0.0,1,8
hospice.csv,Hospice,11,CLM_SRVC_CLSFCTN_TYPE_CD,coded dimension,False,12107,0,0.0,1,1
hospice.csv,Hospice,12,CLM_FREQ_CD,coded dimension,False,12107,0,0.0,2,9
hospice.csv,Hospice,13,FI_NUM,numeric candidate,False,0,12107,100.0,0,
hospice.csv,Hospice,14,CLM_MDCR_NON_PMT_RSN_CD,coded dimension,False,12107,0,0.0,1, 
hospice.csv,Hospice,15,CLM_PMT_AMT,metric,True,12107,0,0.0,762,11615.01
hospice.csv,Hospice,16,NCH_PRMRY_PYR_CLM_PD_AMT,numeric candidate,False,12107,0,0.0,171,0
hospice.csv,Hospice,17,NCH_PRMRY_PYR_CD,coded dimension,False,12107,0,0.0,1, 
hospice.csv,Hospice,18,PRVDR_STATE_CD,dimension,True,12107,0,0.0,50,01
hospice.csv,Hospice,19,ORG_NPI_NUM,dimension,True,12107,0,0.0,820,1861497935
hospice.csv,Hospice,20,AT_PHYSN_UPIN,text or coded value,False,12107,0,0.0,1, 
hospice.csv,Hospice,21,AT_PHYSN_NPI,identifier,False,11021,1086,8.97,737,9999872291
hospice.csv,Hospice,22,PTNT_DSCHRG_STUS_CD,dimension,True,12107,0,0.0,1,1
hospice.csv,Hospice,23,CLM_TOT_CHRG_AMT,metric,True,12107,0,0.0,762,11615.01
hospice.csv,Hospice,24,NCH_PTNT_STATUS_IND_CD,coded dimension,False,12107,0,0.0,1,A
hospice.csv,Hospice,25,CLM_UTLZTN_DAY_CNT,metric,True,12107,0,0.0,107,20
hospice.csv,Hospice,26,NCH_BENE_DSCHRG_DT,date,True,12107,0,0.0,385,22-Nov-2019
hospice.csv,Hospice,27,PRNCPAL_DGNS_CD,diagnosis,True,12107,0,0.0,20,C188
hospice.csv,Hospice,28,ICD_DGNS_CD1,diagnosis,True,12107,0,0.0,94,Z733
hospice.csv,Hospice,29,ICD_DGNS_CD2,text or coded value,False,12107,0,0.0,98,Z608
hospice.csv,Hospice,30,ICD_DGNS_CD3,text or coded value,False,12107,0,0.0,107,P292
hospice.csv,Hospice,31,ICD_DGNS_CD4,text or coded value,False,12085,22,0.18,103,E8881
hospice.csv,Hospice,32,ICD_DGNS_CD5,text or coded value,False,12023,84,0.69,112,K621
hospice.csv,Hospice,33,ICD_DGNS_CD6,text or coded value,False,11909,198,1.64,110,K635
hospice.csv,Hospice,34,ICD_DGNS_CD7,text or coded value,False,11716,391,3.23,107,R7303
hospice.csv,Hospice,35,ICD_DGNS_CD8,text or coded value,False,11360,747,6.17,110,D649
hospice.csv,Hospice,36,ICD_DGNS_CD9,text or coded value,False,10987,1120,9.25,117,E669
hospice.csv,Hospice,37,ICD_DGNS_CD10,text or coded value,False,10435,1672,13.81,108,R4689
hospice.csv,Hospice,38,ICD_DGNS_CD11,text or coded value,False,9692,2415,19.95,103,I259
hospice.csv,Hospice,39,ICD_DGNS_CD12,text or coded value,False,9014,3093,25.55,99,E781
hospice.csv,Hospice,40,ICD_DGNS_CD13,text or coded value,False,8169,3938,32.53,97,E8881
hospice.csv,Hospice,41,ICD_DGNS_CD14,text or coded value,False,7468,4639,38.32,90,P292
hospice.csv,Hospice,42,ICD_DGNS_CD15,text or coded value,False,6494,5613,46.36,81,E119
hospice.csv,Hospice,43,ICD_DGNS_CD16,text or coded value,False,5629,6478,53.51,73,E1143
hospice.csv,Hospice,44,ICD_DGNS_CD17,text or coded value,False,4900,7207,59.53,72,R7303
hospice.csv,Hospice,45,ICD_DGNS_CD18,text or coded value,False,3993,8114,67.02,62,D649
hospice.csv,Hospice,46,ICD_DGNS_CD19,text or coded value,False,3101,9006,74.39,55,J329
hospice.csv,Hospice,47,ICD_DGNS_CD20,text or coded value,False,2438,9669,79.86,54,Z591
hospice.csv,Hospice,48,ICD_DGNS_CD21,text or coded value,False,1929,10178,84.07,45,R7303
hospice.csv,Hospice,49,ICD_DGNS_CD22,text or coded value,False,1447,10660,88.05,43,Z653
hospice.csv,Hospice,50,ICD_DGNS_CD23,text or coded value,False,1010,11097,91.66,30,E669
hospice.csv,Hospice,51,ICD_DGNS_CD24,text or coded value,False,701,11406,94.21,30,P292
hospice.csv,Hospice,52,ICD_DGNS_CD25,text or coded value,False,561,11546,95.37,27,O039
hospice.csv,Hospice,53,FST_DGNS_E_CD,coded dimension,False,11733,374,3.09,57,Y92
hospice.csv,Hospice,54,ICD_DGNS_E_CD1,text or coded value,False,11733,374,3.09,47,X58
hospice.csv,Hospice,55,ICD_DGNS_E_CD2,text or coded value,False,12107,0,0.0,1, 
hospice.csv,Hospice,56,ICD_DGNS_E_CD3,text or coded value,False,12107,0,0.0,1, 
hospice.csv,Hospice,57,ICD_DGNS_E_CD4,text or coded value,False,12107,0,0.0,1, 
hospice.csv,Hospice,58,ICD_DGNS_E_CD5,text or coded value,False,12107,0,0.0,1, 
hospice.csv,Hospice,59,ICD_DGNS_E_CD6,text or coded value,False,12107,0,0.0,1, 
hospice.csv,Hospice,60,ICD_DGNS_E_CD7,text or coded value,False,12107,0,0.0,1, 
hospice.csv,Hospice,61,ICD_DGNS_E_CD8,text or coded value,False,12107,0,0.0,1, 
hospice.csv,Hospice,62,ICD_DGNS_E_CD9,text or coded value,False,12107,0,0.0,1, 
hospice.csv,Hospice,63,ICD_DGNS_E_CD10,text or coded value,False,12107,0,0.0,1, 
hospice.csv,Hospice,64,ICD_DGNS_E_CD11,text or coded value,False,12107,0,0.0,1, 
hospice.csv,Hospice,65,ICD_DGNS_E_CD12,text or coded value,False,12107,0,0.0,1, 
hospice.csv,Hospice,66,CLM_HOSPC_START_DT_ID,identifier,False,12107,0,0.0,903,27-Oct-2019
hospice.csv,Hospice,67,BENE_HOSPC_PRD_CNT,numeric candidate,False,0,12107,100.0,0,
hospice.csv,Hospice,68,CLAIM_QUERY_CODE,text or coded value,False,12107,0,0.0,1,3
hospice.csv,Hospice,69,CLM_LINE_NUM,key,True,12107,0,0.0,18,1
hospice.csv,Hospice,70,REV_CNTR,text or coded value,False,12107,0,0.0,15,0550
hospice.csv,Hospice,71,REV_CNTR_DT,date,False,12107,0,0.0,903,27-Oct-2019
hospice.csv,Hospice,72,HCPCS_CD,procedure,True,9946,2161,17.85,12,99238
hospice.csv,Hospice,73,HCPCS_1ST_MDFR_CD,coded dimension,False,0,12107,100.0,0,
hospice.csv,Hospice,74,HCPCS_2ND_MDFR_CD,coded dimension,False,0,12107,100.0,0,
hospice.csv,Hospice,75,REV_CNTR_UNIT_CNT,numeric candidate,False,11021,1086,8.97,30,2
hospice.csv,Hospice,76,REV_CNTR_RATE_AMT,numeric candidate,False,11021,1086,8.97,50,459.10
hospice.csv,Hospice,77,REV_CNTR_PRVDR_PMT_AMT,numeric candidate,False,12107,0,0.0,1641,734.56
hospice.csv,Hospice,78,REV_CNTR_BENE_PMT_AMT,numeric candidate,False,12107,0,0.0,1,0
hospice.csv,Hospice,79,REV_CNTR_PMT_AMT_AMT,numeric candidate,False,12107,0,0.0,1641,734.56
hospice.csv,Hospice,80,REV_CNTR_TOT_CHRG_AMT,metric,True,12107,0,0.0,1183,918.20
hospice.csv,Hospice,81,REV_CNTR_NCVRD_CHRG_AMT,numeric candidate,False,12107,0,0.0,520,0.00
hospice.csv,Hospice,82,REV_CNTR_DDCTBL_COINSRNC_CD,coded dimension,False,11021,1086,8.97,4,3
hospice.csv,Hospice,83,REV_CNTR_NDC_QTY,text or coded value,False,0,12107,100.0,0,
hospice.csv,Hospice,84,REV_CNTR_NDC_QTY_QLFR_CD,coded dimension,False,0,12107,100.0,0,
hospice.csv,Hospice,85,RNDRNG_PHYSN_UPIN,text or coded value,False,12107,0,0.0,1, 
hospice.csv,Hospice,86,RNDRNG_PHYSN_NPI,dimension,True,11021,1086,8.97,737,9999872291
inpatient (1).csv,Inpatient,1,BENE_ID,key,True,58066,0,0.0,4791,-10000010254618
inpatient (1).csv,Inpatient,2,CLM_ID,key,True,58066,0,0.0,17707,-10000930037831
inpatient (1).csv,Inpatient,3,NCH_NEAR_LINE_REC_IDENT_CD,coded dimension,False,58066,0,0.0,1,V
inpatient (1).csv,Inpatient,4,NCH_CLM_TYPE_CD,coded dimension,False,58066,0,0.0,1,60
inpatient (1).csv,Inpatient,5,CLM_FROM_DT,date,True,58066,0,0.0,2907,25-Mar-2015
inpatient (1).csv,Inpatient,6,CLM_THRU_DT,date,True,58066,0,0.0,2902,25-Mar-2015
inpatient (1).csv,Inpatient,7,NCH_WKLY_PROC_DT,date,False,58066,0,0.0,417,27-Mar-2015
inpatient (1).csv,Inpatient,8,FI_CLM_PROC_DT,date,False,0,58066,100.0,0,
inpatient (1).csv,Inpatient,9,CLAIM_QUERY_CODE,text or coded value,False,58066,0,0.0,1,3
inpatient (1).csv,Inpatient,10,PRVDR_NUM,dimension,True,55225,2841,4.89,4100,011500
inpatient (1).csv,Inpatient,11,CLM_FAC_TYPE_CD,coded dimension,False,58066,0,0.0,1,1
inpatient (1).csv,Inpatient,12,CLM_SRVC_CLSFCTN_TYPE_CD,coded dimension,False,58066,0,0.0,1,1
inpatient (1).csv,Inpatient,13,CLM_FREQ_CD,coded dimension,False,58066,0,0.0,1,1
inpatient (1).csv,Inpatient,14,FI_NUM,numeric candidate,False,0,58066,100.0,0,
inpatient (1).csv,Inpatient,15,CLM_MDCR_NON_PMT_RSN_CD,coded dimension,False,58066,0,0.0,1, 
inpatient (1).csv,Inpatient,16,CLM_PMT_AMT,metric,True,58066,0,0.0,8890,96.65
inpatient (1).csv,Inpatient,17,NCH_PRMRY_PYR_CLM_PD_AMT,numeric candidate,False,58066,0,0.0,1901,0
inpatient (1).csv,Inpatient,18,NCH_PRMRY_PYR_CD,coded dimension,False,58066,0,0.0,1, 
inpatient (1).csv,Inpatient,19,FI_CLM_ACTN_CD,coded dimension,False,0,58066,100.0,0,
inpatient (1).csv,Inpatient,20,PRVDR_STATE_CD,dimension,True,58066,0,0.0,46,01
inpatient (1).csv,Inpatient,21,ORG_NPI_NUM,dimension,True,58066,0,0.0,4124,1578657367
inpatient (1).csv,Inpatient,22,AT_PHYSN_UPIN,text or coded value,False,58066,0,0.0,1, 
inpatient (1).csv,Inpatient,23,AT_PHYSN_NPI,identifier,False,58066,0,0.0,2128,9999870899
inpatient (1).csv,Inpatient,24,OP_PHYSN_UPIN,text or coded value,False,58066,0,0.0,1, 
inpatient (1).csv,Inpatient,25,OP_PHYSN_NPI,identifier,False,58066,0,0.0,2128,9999870899
inpatient (1).csv,Inpatient,26,OT_PHYSN_UPIN,text or coded value,False,0,58066,100.0,0,
inpatient (1).csv,Inpatient,27,OT_PHYSN_NPI,identifier,False,0,58066,100.0,0,
inpatient (1).csv,Inpatient,28,CLM_MCO_PD_SW,coded dimension,False,58066,0,0.0,1,0
inpatient (1).csv,Inpatient,29,PTNT_DSCHRG_STUS_CD,dimension,True,58066,0,0.0,1,1
inpatient (1).csv,Inpatient,30,CLM_PPS_IND_CD,coded dimension,False,58066,0,0.0,1, 
inpatient (1).csv,Inpatient,31,CLM_TOT_CHRG_AMT,metric,True,58066,0,0.0,8890,96.65
inpatient (1).csv,Inpatient,32,CLM_ADMSN_DT,date,True,58066,0,0.0,2907,25-Mar-2015
inpatient (1).csv,Inpatient,33,CLM_IP_ADMSN_TYPE_CD,coded dimension,False,58066,0,0.0,3,1
inpatient (1).csv,Inpatient,34,CLM_SRC_IP_ADMSN_CD,coded dimension,False,58066,0,0.0,4,4
inpatient (1).csv,Inpatient,35,NCH_PTNT_STATUS_IND_CD,coded dimension,False,58066,0,0.0,1,A
inpatient (1).csv,Inpatient,36,CLM_PASS_THRU_PER_DIEM_AMT,numeric candidate,False,58066,0,0.0,1,10
inpatient (1).csv,Inpatient,37,NCH_BENE_IP_DDCTBL_AMT,numeric candidate,False,58066,0,0.0,571,0.00
inpatient (1).csv,Inpatient,38,NCH_BENE_PTA_COINSRNC_LBLTY_AM,text or coded value,False,58066,0,0.0,6896,19.33
inpatient (1).csv,Inpatient,39,NCH_BENE_BLOOD_DDCTBL_LBLTY_AM,text or coded value,False,58066,0,0.0,1,0
inpatient (1).csv,Inpatient,40,NCH_PROFNL_CMPNT_CHRG_AMT,numeric candidate,False,58066,0,0.0,1,4
inpatient (1).csv,Inpatient,41,NCH_IP_NCVRD_CHRG_AMT,numeric candidate,False,58066,0,0.0,2069,0.00
inpatient (1).csv,Inpatient,42,NCH_IP_TOT_DDCTN_AMT,numeric candidate,False,58066,0,0.0,2069,0.00
inpatient (1).csv,Inpatient,43,CLM_TOT_PPS_CPTL_AMT,numeric candidate,False,58066,0,0.0,1,0
inpatient (1).csv,Inpatient,44,CLM_PPS_CPTL_FSP_AMT,numeric candidate,False,58066,0,0.0,1,0
inpatient (1).csv,Inpatient,45,CLM_PPS_CPTL_OUTLIER_AMT,numeric candidate,False,58066,0,0.0,1,0
inpatient (1).csv,Inpatient,46,CLM_PPS_CPTL_DSPRPRTNT_SHR_AMT,numeric candidate,False,58066,0,0.0,1,0
inpatient (1).csv,Inpatient,47,CLM_PPS_CPTL_IME_AMT,numeric candidate,False,58066,0,0.0,1,0
inpatient (1).csv,Inpatient,48,CLM_PPS_CPTL_EXCPTN_AMT,numeric candidate,False,58066,0,0.0,1,0
inpatient (1).csv,Inpatient,49,CLM_PPS_OLD_CPTL_HLD_HRMLS_AMT,numeric candidate,False,58066,0,0.0,1,0
inpatient (1).csv,Inpatient,50,CLM_PPS_CPTL_DRG_WT_NUM,numeric candidate,False,58066,0,0.0,1,0
inpatient (1).csv,Inpatient,51,CLM_UTLZTN_DAY_CNT,metric,True,58066,0,0.0,42,0
inpatient (1).csv,Inpatient,52,BENE_TOT_COINSRNC_DAYS_CNT,numeric candidate,False,58066,0,0.0,1,0
inpatient (1).csv,Inpatient,53,BENE_LRD_USED_CNT,numeric candidate,False,58066,0,0.0,1,0
inpatient (1).csv,Inpatient,54,CLM_NON_UTLZTN_DAYS_CNT,numeric candidate,False,58066,0,0.0,1,0
inpatient (1).csv,Inpatient,55,NCH_BLOOD_PNTS_FRNSHD_QTY,text or coded value,False,58066,0,0.0,1,0
inpatient (1).csv,Inpatient,56,NCH_VRFD_NCVRD_STAY_FROM_DT,date,False,0,58066,100.0,0,
inpatient (1).csv,Inpatient,57,NCH_VRFD_NCVRD_STAY_THRU_DT,date,False,0,58066,100.0,0,
inpatient (1).csv,Inpatient,58,NCH_ACTV_OR_CVRD_LVL_CARE_THRU,text or coded value,False,0,58066,100.0,0,
inpatient (1).csv,Inpatient,59,NCH_BENE_MDCR_BNFTS_EXHTD_DT_I,text or coded value,False,0,58066,100.0,0,
inpatient (1).csv,Inpatient,60,NCH_BENE_DSCHRG_DT,date,True,58066,0,0.0,2902,25-Mar-2015
inpatient (1).csv,Inpatient,61,CLM_DRG_CD,coded dimension,False,54804,3262,5.62,161,551
inpatient (1).csv,Inpatient,62,CLM_DRG_OUTLIER_STAY_CD,coded dimension,False,58066,0,0.0,2,0
inpatient (1).csv,Inpatient,63,NCH_DRG_OUTLIER_APRVD_PMT_AMT,numeric candidate,False,58066,0,0.0,1,0
inpatient (1).csv,Inpatient,64,ADMTG_DGNS_CD,diagnosis,True,16128,41938,72.22,65,Z3480
inpatient (1).csv,Inpatient,65,PRNCPAL_DGNS_CD,diagnosis,True,58066,0,0.0,187,S134XX
inpatient (1).csv,Inpatient,66,ICD_DGNS_CD1,diagnosis,True,58066,0,0.0,227,S134XX
inpatient (1).csv,Inpatient,67,CLM_POA_IND_SW1,text or coded value,False,58066,0,0.0,2,Y
inpatient (1).csv,Inpatient,68,ICD_DGNS_CD2,text or coded value,False,58009,57,0.1,240,R4689
inpatient (1).csv,Inpatient,69,CLM_POA_IND_SW2,text or coded value,False,58009,57,0.1,2,Y
inpatient (1).csv,Inpatient,70,ICD_DGNS_CD3,text or coded value,False,57798,268,0.46,224,E781
inpatient (1).csv,Inpatient,71,CLM_POA_IND_SW3,text or coded value,False,57798,268,0.46,2,Y
inpatient (1).csv,Inpatient,72,ICD_DGNS_CD4,text or coded value,False,57424,642,1.11,217,J329
inpatient (1).csv,Inpatient,73,CLM_POA_IND_SW4,text or coded value,False,57424,642,1.11,2,Y
inpatient (1).csv,Inpatient,74,ICD_DGNS_CD5,text or coded value,False,56967,1099,1.89,216,E119
inpatient (1).csv,Inpatient,75,CLM_POA_IND_SW5,text or coded value,False,56967,1099,1.89,2,Y
inpatient (1).csv,Inpatient,76,ICD_DGNS_CD6,text or coded value,False,56474,1592,2.74,197,D649
inpatient (1).csv,Inpatient,77,CLM_POA_IND_SW6,text or coded value,False,56474,1592,2.74,2,Y
inpatient (1).csv,Inpatient,78,ICD_DGNS_CD7,text or coded value,False,55784,2282,3.93,207,E849
inpatient (1).csv,Inpatient,79,CLM_POA_IND_SW7,text or coded value,False,55784,2282,3.93,2,Y
inpatient (1).csv,Inpatient,80,ICD_DGNS_CD8,text or coded value,False,54954,3112,5.36,201,B965
inpatient (1).csv,Inpatient,81,CLM_POA_IND_SW8,text or coded value,False,54954,3112,5.36,2,Y
inpatient (1).csv,Inpatient,82,ICD_DGNS_CD9,text or coded value,False,53590,4476,7.71,197,N469
inpatient (1).csv,Inpatient,83,CLM_POA_IND_SW9,text or coded value,False,53590,4476,7.71,2,Y
inpatient (1).csv,Inpatient,84,ICD_DGNS_CD10,text or coded value,False,51931,6135,10.57,191,E849
inpatient (1).csv,Inpatient,85,CLM_POA_IND_SW10,text or coded value,False,51931,6135,10.57,2,Y
inpatient (1).csv,Inpatient,86,ICD_DGNS_CD11,text or coded value,False,50066,8000,13.78,184,M169
inpatient (1).csv,Inpatient,87,CLM_POA_IND_SW11,text or coded value,False,50066,8000,13.78,2,Y
inpatient (1).csv,Inpatient,88,ICD_DGNS_CD12,text or coded value,False,47880,10186,17.54,172,D649
inpatient (1).csv,Inpatient,89,CLM_POA_IND_SW12,text or coded value,False,47880,10186,17.54,2,Y
inpatient (1).csv,Inpatient,90,ICD_DGNS_CD13,text or coded value,False,45490,12576,21.66,168,R7303
inpatient (1).csv,Inpatient,91,CLM_POA_IND_SW13,text or coded value,False,45490,12576,21.66,2,Y
inpatient (1).csv,Inpatient,92,ICD_DGNS_CD14,text or coded value,False,42865,15201,26.18,164,J329
inpatient (1).csv,Inpatient,93,CLM_POA_IND_SW14,text or coded value,False,42865,15201,26.18,2,Y
inpatient (1).csv,Inpatient,94,ICD_DGNS_CD15,text or coded value,False,40247,17819,30.69,159,E669
inpatient (1).csv,Inpatient,95,CLM_POA_IND_SW15,text or coded value,False,40247,17819,30.69,2,Y
inpatient (1).csv,Inpatient,96,ICD_DGNS_CD16,text or coded value,False,37144,20922,36.03,156,Y0704
inpatient (1).csv,Inpatient,97,CLM_POA_IND_SW16,text or coded value,False,37144,20922,36.03,2,N
inpatient (1).csv,Inpatient,98,ICD_DGNS_CD17,text or coded value,False,33841,24225,41.72,149,R931
inpatient (1).csv,Inpatient,99,CLM_POA_IND_SW17,text or coded value,False,33841,24225,41.72,2,Y
inpatient (1).csv,Inpatient,100,ICD_DGNS_CD18,text or coded value,False,30682,27384,47.16,138,I259
inpatient (1).csv,Inpatient,101,CLM_POA_IND_SW18,text or coded value,False,30682,27384,47.16,2,Y
inpatient (1).csv,Inpatient,102,ICD_DGNS_CD19,text or coded value,False,27750,30316,52.21,128,D649
inpatient (1).csv,Inpatient,103,CLM_POA_IND_SW19,text or coded value,False,27750,30316,52.21,2,Y
inpatient (1).csv,Inpatient,104,ICD_DGNS_CD20,text or coded value,False,24563,33503,57.7,130,E8881
inpatient (1).csv,Inpatient,105,CLM_POA_IND_SW20,text or coded value,False,24563,33503,57.7,2,Y
inpatient (1).csv,Inpatient,106,ICD_DGNS_CD21,text or coded value,False,21623,36443,62.76,123,R7303
inpatient (1).csv,Inpatient,107,CLM_POA_IND_SW21,text or coded value,False,21623,36443,62.76,2,Y
inpatient (1).csv,Inpatient,108,ICD_DGNS_CD22,text or coded value,False,18225,39841,68.61,112,Z653
inpatient (1).csv,Inpatient,109,CLM_POA_IND_SW22,text or coded value,False,18225,39841,68.61,2,Y
inpatient (1).csv,Inpatient,110,ICD_DGNS_CD23,text or coded value,False,14630,43436,74.8,104,E669
inpatient (1).csv,Inpatient,111,CLM_POA_IND_SW23,text or coded value,False,14630,43436,74.8,2,Y
inpatient (1).csv,Inpatient,112,ICD_DGNS_CD24,text or coded value,False,11682,46384,79.88,93,P292
inpatient (1).csv,Inpatient,113,CLM_POA_IND_SW24,text or coded value,False,11682,46384,79.88,2,Y
inpatient (1).csv,Inpatient,114,ICD_DGNS_CD25,text or coded value,False,9304,48762,83.98,89,O039
inpatient (1).csv,Inpatient,115,CLM_POA_IND_SW25,text or coded value,False,9304,48762,83.98,2,Y
inpatient (1).csv,Inpatient,116,FST_DGNS_E_CD,coded dimension,False,45525,12541,21.6,130,V89
inpatient (1).csv,Inpatient,117,ICD_DGNS_E_CD1,text or coded value,False,45525,12541,21.6,124,Y93
inpatient (1).csv,Inpatient,118,CLM_E_POA_IND_SW1,text or coded value,False,45525,12541,21.6,2,Y
inpatient (1).csv,Inpatient,119,ICD_DGNS_E_CD2,text or coded value,False,58066,0,0.0,1, 
inpatient (1).csv,Inpatient,120,CLM_E_POA_IND_SW2,text or coded value,False,58066,0,0.0,1, 
inpatient (1).csv,Inpatient,121,ICD_DGNS_E_CD3,text or coded value,False,58066,0,0.0,1, 
inpatient (1).csv,Inpatient,122,CLM_E_POA_IND_SW3,text or coded value,False,58066,0,0.0,1, 
inpatient (1).csv,Inpatient,123,ICD_DGNS_E_CD4,text or coded value,False,58066,0,0.0,1, 
inpatient (1).csv,Inpatient,124,CLM_E_POA_IND_SW4,text or coded value,False,58066,0,0.0,1, 
inpatient (1).csv,Inpatient,125,ICD_DGNS_E_CD5,text or coded value,False,58066,0,0.0,1, 
inpatient (1).csv,Inpatient,126,CLM_E_POA_IND_SW5,text or coded value,False,58066,0,0.0,1, 
inpatient (1).csv,Inpatient,127,ICD_DGNS_E_CD6,text or coded value,False,58066,0,0.0,1, 
inpatient (1).csv,Inpatient,128,CLM_E_POA_IND_SW6,text or coded value,False,58066,0,0.0,1, 
inpatient (1).csv,Inpatient,129,ICD_DGNS_E_CD7,text or coded value,False,58066,0,0.0,1, 
inpatient (1).csv,Inpatient,130,CLM_E_POA_IND_SW7,text or coded value,False,58066,0,0.0,1, 
inpatient (1).csv,Inpatient,131,ICD_DGNS_E_CD8,text or coded value,False,58066,0,0.0,1, 
inpatient (1).csv,Inpatient,132,CLM_E_POA_IND_SW8,text or coded value,False,58066,0,0.0,1, 
inpatient (1).csv,Inpatient,133,ICD_DGNS_E_CD9,text or coded value,False,58066,0,0.0,1, 
inpatient (1).csv,Inpatient,134,CLM_E_POA_IND_SW9,text or coded value,False,58066,0,0.0,1, 
inpatient (1).csv,Inpatient,135,ICD_DGNS_E_CD10,text or coded value,False,58066,0,0.0,1, 
inpatient (1).csv,Inpatient,136,CLM_E_POA_IND_SW10,text or coded value,False,58066,0,0.0,1, 
inpatient (1).csv,Inpatient,137,ICD_DGNS_E_CD11,text or coded value,False,58066,0,0.0,1, 
inpatient (1).csv,Inpatient,138,CLM_E_POA_IND_SW11,text or coded value,False,58066,0,0.0,1, 
inpatient (1).csv,Inpatient,139,ICD_DGNS_E_CD12,text or coded value,False,58066,0,0.0,1, 
inpatient (1).csv,Inpatient,140,CLM_E_POA_IND_SW12,text or coded value,False,58066,0,0.0,1, 
inpatient (1).csv,Inpatient,141,ICD_PRCDR_CD1,text or coded value,False,48153,9913,17.07,112,Z5189
inpatient (1).csv,Inpatient,142,PRCDR_DT1,text or coded value,False,48153,9913,17.07,2775,09-May-2017
inpatient (1).csv,Inpatient,143,ICD_PRCDR_CD2,text or coded value,False,45059,13007,22.4,47,T1490
inpatient (1).csv,Inpatient,144,PRCDR_DT2,text or coded value,False,45059,13007,22.4,2642,14-Jan-2017
inpatient (1).csv,Inpatient,145,ICD_PRCDR_CD3,text or coded value,False,39984,18082,31.14,48,M859
inpatient (1).csv,Inpatient,146,PRCDR_DT3,text or coded value,False,39984,18082,31.14,2437,30-Apr-2021
inpatient (1).csv,Inpatient,147,ICD_PRCDR_CD4,text or coded value,False,35691,22375,38.53,22,Z1331
inpatient (1).csv,Inpatient,148,PRCDR_DT4,text or coded value,False,35691,22375,38.53,2219,12-Mar-2020
inpatient (1).csv,Inpatient,149,ICD_PRCDR_CD5,text or coded value,False,31628,26438,45.53,16,F1990
inpatient (1).csv,Inpatient,150,PRCDR_DT5,text or coded value,False,31628,26438,45.53,2049,13-Mar-2020
inpatient (1).csv,Inpatient,151,ICD_PRCDR_CD6,text or coded value,False,25459,32607,56.16,11,F109
inpatient (1).csv,Inpatient,152,PRCDR_DT6,text or coded value,False,25459,32607,56.16,1744,13-Mar-2020
inpatient (1).csv,Inpatient,153,ICD_PRCDR_CD7,text or coded value,False,18181,39885,68.69,11,Z9981
inpatient (1).csv,Inpatient,154,PRCDR_DT7,text or coded value,False,18181,39885,68.69,1268,16-Oct-2020
inpatient (1).csv,Inpatient,155,ICD_PRCDR_CD8,text or coded value,False,10700,47366,81.57,12,Z9981
inpatient (1).csv,Inpatient,156,PRCDR_DT8,text or coded value,False,10700,47366,81.57,736,17-Oct-2020
inpatient (1).csv,Inpatient,157,ICD_PRCDR_CD9,text or coded value,False,5673,52393,90.23,9,Z9981
inpatient (1).csv,Inpatient,158,PRCDR_DT9,text or coded value,False,5673,52393,90.23,333,18-Oct-2020
inpatient (1).csv,Inpatient,159,ICD_PRCDR_CD10,text or coded value,False,4137,53929,92.88,9,Z9981
inpatient (1).csv,Inpatient,160,PRCDR_DT10,text or coded value,False,4137,53929,92.88,214,19-Oct-2020
inpatient (1).csv,Inpatient,161,ICD_PRCDR_CD11,text or coded value,False,3668,54398,93.68,5,Z9981
inpatient (1).csv,Inpatient,162,PRCDR_DT11,text or coded value,False,3668,54398,93.68,185,20-Oct-2020
inpatient (1).csv,Inpatient,163,ICD_PRCDR_CD12,text or coded value,False,2894,55172,95.02,6,Z9981
inpatient (1).csv,Inpatient,164,PRCDR_DT12,text or coded value,False,2894,55172,95.02,140,21-Oct-2020
inpatient (1).csv,Inpatient,165,ICD_PRCDR_CD13,text or coded value,False,2443,55623,95.79,4,Z9981
inpatient (1).csv,Inpatient,166,PRCDR_DT13,text or coded value,False,2443,55623,95.79,115,10-Feb-2021
inpatient (1).csv,Inpatient,167,ICD_PRCDR_CD14,text or coded value,False,1992,56074,96.57,5,Z9981
inpatient (1).csv,Inpatient,168,PRCDR_DT14,text or coded value,False,1992,56074,96.57,94,23-Nov-2020
inpatient (1).csv,Inpatient,169,ICD_PRCDR_CD15,text or coded value,False,1510,56556,97.4,5,Z9981
inpatient (1).csv,Inpatient,170,PRCDR_DT15,text or coded value,False,1510,56556,97.4,72,24-Nov-2020
inpatient (1).csv,Inpatient,171,ICD_PRCDR_CD16,text or coded value,False,962,57104,98.34,4,Z9981
inpatient (1).csv,Inpatient,172,PRCDR_DT16,text or coded value,False,962,57104,98.34,45,02-Dec-2020
inpatient (1).csv,Inpatient,173,ICD_PRCDR_CD17,text or coded value,False,509,57557,99.12,4,Z8616
inpatient (1).csv,Inpatient,174,PRCDR_DT17,text or coded value,False,509,57557,99.12,20,30-Dec-2020
inpatient (1).csv,Inpatient,175,ICD_PRCDR_CD18,text or coded value,False,370,57696,99.36,4,Z9981
inpatient (1).csv,Inpatient,176,PRCDR_DT18,text or coded value,False,370,57696,99.36,15,30-Dec-2020
inpatient (1).csv,Inpatient,177,ICD_PRCDR_CD19,text or coded value,False,370,57696,99.36,4,Z8616
inpatient (1).csv,Inpatient,178,PRCDR_DT19,text or coded value,False,370,57696,99.36,15,31-Dec-2020
inpatient (1).csv,Inpatient,179,ICD_PRCDR_CD20,text or coded value,False,290,57776,99.5,4,Z9981
inpatient (1).csv,Inpatient,180,PRCDR_DT20,text or coded value,False,290,57776,99.5,11,31-Dec-2020
inpatient (1).csv,Inpatient,181,ICD_PRCDR_CD21,text or coded value,False,290,57776,99.5,4,Z8616
inpatient (1).csv,Inpatient,182,PRCDR_DT21,text or coded value,False,290,57776,99.5,11,01-Jan-2021
inpatient (1).csv,Inpatient,183,ICD_PRCDR_CD22,text or coded value,False,247,57819,99.57,4,Z9981
inpatient (1).csv,Inpatient,184,PRCDR_DT22,text or coded value,False,247,57819,99.57,9,01-Jan-2021
inpatient (1).csv,Inpatient,185,ICD_PRCDR_CD23,text or coded value,False,201,57865,99.65,4,Z8616
inpatient (1).csv,Inpatient,186,PRCDR_DT23,text or coded value,False,201,57865,99.65,7,02-Jan-2021
inpatient (1).csv,Inpatient,187,ICD_PRCDR_CD24,text or coded value,False,131,57935,99.77,3,Z9981
inpatient (1).csv,Inpatient,188,PRCDR_DT24,text or coded value,False,131,57935,99.77,5,02-Jan-2021
inpatient (1).csv,Inpatient,189,ICD_PRCDR_CD25,text or coded value,False,82,57984,99.86,2,Z9981
inpatient (1).csv,Inpatient,190,PRCDR_DT25,text or coded value,False,82,57984,99.86,3,24-Jan-2021
inpatient (1).csv,Inpatient,191,IME_OP_CLM_VAL_AMT,numeric candidate,False,58066,0,0.0,1,0
inpatient (1).csv,Inpatient,192,DSH_OP_CLM_VAL_AMT,numeric candidate,False,58066,0,0.0,1,0
inpatient (1).csv,Inpatient,193,CLM_UNCOMPD_CARE_PMT_AMT,numeric candidate,False,0,58066,100.0,0,
inpatient (1).csv,Inpatient,194,CLM_LINE_NUM,key,True,58066,0,0.0,46,1
inpatient (1).csv,Inpatient,195,REV_CNTR,text or coded value,False,58066,0,0.0,2,0450
inpatient (1).csv,Inpatient,196,HCPCS_CD,procedure,True,58066,0,0.0,106,99221
inpatient (1).csv,Inpatient,197,REV_CNTR_DDCTBL_COINSRNC_CD,coded dimension,False,49768,8298,14.29,4,3
outpatient.csv,Outpatient,1,BENE_ID,key,True,575092,0,0.0,813,-10000010254618
outpatient.csv,Outpatient,2,CLM_ID,key,True,575092,0,0.0,35190,-10000930037832
outpatient.csv,Outpatient,3,NCH_NEAR_LINE_REC_IDENT_CD,coded dimension,False,575092,0,0.0,1,W
outpatient.csv,Outpatient,4,NCH_CLM_TYPE_CD,coded dimension,False,575092,0,0.0,1,40
outpatient.csv,Outpatient,5,CLM_FROM_DT,date,True,575092,0,0.0,2917,16-Mar-2015
outpatient.csv,Outpatient,6,CLM_THRU_DT,date,True,575092,0,0.0,2917,16-Mar-2015
outpatient.csv,Outpatient,7,NCH_WKLY_PROC_DT,date,False,575092,0,0.0,417,20-Mar-2015
outpatient.csv,Outpatient,8,FI_CLM_PROC_DT,date,False,0,575092,100.0,0,
outpatient.csv,Outpatient,9,CLAIM_QUERY_CODE,text or coded value,False,575092,0,0.0,1,3
outpatient.csv,Outpatient,10,PRVDR_NUM,dimension,True,574901,191,0.03,492,01S023
outpatient.csv,Outpatient,11,CLM_FAC_TYPE_CD,coded dimension,False,575092,0,0.0,1,1
outpatient.csv,Outpatient,12,CLM_SRVC_CLSFCTN_TYPE_CD,coded dimension,False,575092,0,0.0,1,3
outpatient.csv,Outpatient,13,CLM_FREQ_CD,coded dimension,False,575092,0,0.0,1,1
outpatient.csv,Outpatient,14,FI_NUM,numeric candidate,False,0,575092,100.0,0,
outpatient.csv,Outpatient,15,CLM_MDCR_NON_PMT_RSN_CD,coded dimension,False,575092,0,0.0,1, 
outpatient.csv,Outpatient,16,CLM_PMT_AMT,metric,True,575092,0,0.0,22333,10224.89
outpatient.csv,Outpatient,17,NCH_PRMRY_PYR_CLM_PD_AMT,numeric candidate,False,575092,0,0.0,9917,0
outpatient.csv,Outpatient,18,NCH_PRMRY_PYR_CD,coded dimension,False,575092,0,0.0,1, 
outpatient.csv,Outpatient,19,PRVDR_STATE_CD,dimension,True,575092,0,0.0,9,01
outpatient.csv,Outpatient,20,ORG_NPI_NUM,dimension,True,575092,0,0.0,495,1942394739
outpatient.csv,Outpatient,21,AT_PHYSN_UPIN,text or coded value,False,575092,0,0.0,1, 
outpatient.csv,Outpatient,22,AT_PHYSN_NPI,identifier,False,575092,0,0.0,212,9999995696
outpatient.csv,Outpatient,23,OP_PHYSN_UPIN,text or coded value,False,575092,0,0.0,1, 
outpatient.csv,Outpatient,24,OP_PHYSN_NPI,identifier,False,575092,0,0.0,212,9999995696
outpatient.csv,Outpatient,25,OT_PHYSN_UPIN,text or coded value,False,0,575092,100.0,0,
outpatient.csv,Outpatient,26,OT_PHYSN_NPI,identifier,False,0,575092,100.0,0,
outpatient.csv,Outpatient,27,CLM_MCO_PD_SW,coded dimension,False,575092,0,0.0,1,0
outpatient.csv,Outpatient,28,PTNT_DSCHRG_STUS_CD,dimension,True,575092,0,0.0,1,1
outpatient.csv,Outpatient,29,CLM_TOT_CHRG_AMT,metric,True,575092,0,0.0,22333,10224.89
outpatient.csv,Outpatient,30,NCH_BENE_BLOOD_DDCTBL_LBLTY_AM,text or coded value,False,575092,0,0.0,1,0
outpatient.csv,Outpatient,31,NCH_PROFNL_CMPNT_CHRG_AMT,numeric candidate,False,575092,0,0.0,1,4
outpatient.csv,Outpatient,32,PRNCPAL_DGNS_CD,diagnosis,True,575092,0,0.0,143,R4689
outpatient.csv,Outpatient,33,ICD_DGNS_CD1,diagnosis,True,575092,0,0.0,208,R4689
outpatient.csv,Outpatient,34,ICD_DGNS_CD2,text or coded value,False,574536,556,0.1,206,E781
outpatient.csv,Outpatient,35,ICD_DGNS_CD3,text or coded value,False,572944,2148,0.37,200,J329
outpatient.csv,Outpatient,36,ICD_DGNS_CD4,text or coded value,False,570116,4976,0.87,189,E119
outpatient.csv,Outpatient,37,ICD_DGNS_CD5,text or coded value,False,566256,8836,1.54,190,D649
outpatient.csv,Outpatient,38,ICD_DGNS_CD6,text or coded value,False,562152,12940,2.25,186,E849
outpatient.csv,Outpatient,39,ICD_DGNS_CD7,text or coded value,False,556489,18603,3.23,182,B965
outpatient.csv,Outpatient,40,ICD_DGNS_CD8,text or coded value,False,549089,26003,4.52,171,E848
outpatient.csv,Outpatient,41,ICD_DGNS_CD9,text or coded value,False,540083,35009,6.09,167,E849
outpatient.csv,Outpatient,42,ICD_DGNS_CD10,text or coded value,False,529610,45482,7.91,159,E849
outpatient.csv,Outpatient,43,ICD_DGNS_CD11,text or coded value,False,518234,56858,9.89,150,E849
outpatient.csv,Outpatient,44,ICD_DGNS_CD12,text or coded value,False,505829,69263,12.04,152,B965
outpatient.csv,Outpatient,45,ICD_DGNS_CD13,text or coded value,False,488604,86488,15.04,144,E848
outpatient.csv,Outpatient,46,ICD_DGNS_CD14,text or coded value,False,471772,103320,17.97,135,E849
outpatient.csv,Outpatient,47,ICD_DGNS_CD15,text or coded value,False,447684,127408,22.15,133,T7412X
outpatient.csv,Outpatient,48,ICD_DGNS_CD16,text or coded value,False,419578,155514,27.04,121,Y0704
outpatient.csv,Outpatient,49,ICD_DGNS_CD17,text or coded value,False,387454,187638,32.63,113,T7432X
outpatient.csv,Outpatient,50,ICD_DGNS_CD18,text or coded value,False,349567,225525,39.22,104,K37
outpatient.csv,Outpatient,51,ICD_DGNS_CD19,text or coded value,False,303564,271528,47.21,95,Z9049
outpatient.csv,Outpatient,52,ICD_DGNS_CD20,text or coded value,False,260273,314819,54.74,92,Z653
outpatient.csv,Outpatient,53,ICD_DGNS_CD21,text or coded value,False,220868,354224,61.59,84,E669
outpatient.csv,Outpatient,54,ICD_DGNS_CD22,text or coded value,False,181079,394013,68.51,73,P292
outpatient.csv,Outpatient,55,ICD_DGNS_CD23,text or coded value,False,144572,430520,74.86,63,O039
outpatient.csv,Outpatient,56,ICD_DGNS_CD24,text or coded value,False,113263,461829,80.31,58,R4689
outpatient.csv,Outpatient,57,ICD_DGNS_CD25,text or coded value,False,86768,488324,84.91,49,Z7289
outpatient.csv,Outpatient,58,FST_DGNS_E_CD,coded dimension,False,556821,18271,3.18,104,W01
outpatient.csv,Outpatient,59,ICD_DGNS_E_CD1,text or coded value,False,556821,18271,3.18,101,X58
outpatient.csv,Outpatient,60,ICD_DGNS_E_CD2,text or coded value,False,575092,0,0.0,1, 
outpatient.csv,Outpatient,61,ICD_DGNS_E_CD3,text or coded value,False,575092,0,0.0,1, 
outpatient.csv,Outpatient,62,ICD_DGNS_E_CD4,text or coded value,False,575092,0,0.0,1, 
outpatient.csv,Outpatient,63,ICD_DGNS_E_CD5,text or coded value,False,575092,0,0.0,1, 
outpatient.csv,Outpatient,64,ICD_DGNS_E_CD6,text or coded value,False,575092,0,0.0,1, 
outpatient.csv,Outpatient,65,ICD_DGNS_E_CD7,text or coded value,False,575092,0,0.0,1, 
outpatient.csv,Outpatient,66,ICD_DGNS_E_CD8,text or coded value,False,575092,0,0.0,1, 
outpatient.csv,Outpatient,67,ICD_DGNS_E_CD9,text or coded value,False,575092,0,0.0,1, 
outpatient.csv,Outpatient,68,ICD_DGNS_E_CD10,text or coded value,False,575092,0,0.0,1, 
outpatient.csv,Outpatient,69,ICD_DGNS_E_CD11,text or coded value,False,575092,0,0.0,1, 
outpatient.csv,Outpatient,70,ICD_DGNS_E_CD12,text or coded value,False,575092,0,0.0,1, 
outpatient.csv,Outpatient,71,ICD_PRCDR_CD1,text or coded value,False,558534,16558,2.88,324,BW03ZZZ
outpatient.csv,Outpatient,72,PRCDR_DT1,text or coded value,False,558534,16558,2.88,2917,27-May-2017
outpatient.csv,Outpatient,73,ICD_PRCDR_CD2,text or coded value,False,455228,119864,20.84,34,Z139
outpatient.csv,Outpatient,74,PRCDR_DT2,text or coded value,False,455228,119864,20.84,1950,02-May-2019
outpatient.csv,Outpatient,75,ICD_PRCDR_CD3,text or coded value,False,444238,130854,22.75,18,Z139
outpatient.csv,Outpatient,76,PRCDR_DT3,text or coded value,False,444238,130854,22.75,1791,09-Dec-2017
outpatient.csv,Outpatient,77,ICD_PRCDR_CD4,text or coded value,False,426172,148920,25.89,14,Z1331
outpatient.csv,Outpatient,78,PRCDR_DT4,text or coded value,False,426172,148920,25.89,1689,02-May-2019
outpatient.csv,Outpatient,79,ICD_PRCDR_CD5,text or coded value,False,407678,167414,29.11,7,Z1331
outpatient.csv,Outpatient,80,PRCDR_DT5,text or coded value,False,407678,167414,29.11,1505,02-May-2019
outpatient.csv,Outpatient,81,ICD_PRCDR_CD6,text or coded value,False,368405,206687,35.94,6,F1990
outpatient.csv,Outpatient,82,PRCDR_DT6,text or coded value,False,368405,206687,35.94,1238,02-May-2019
outpatient.csv,Outpatient,83,ICD_PRCDR_CD7,text or coded value,False,303502,271590,47.23,6,F109
outpatient.csv,Outpatient,84,PRCDR_DT7,text or coded value,False,303502,271590,47.23,800,02-May-2019
outpatient.csv,Outpatient,85,ICD_PRCDR_CD8,text or coded value,False,210788,364304,63.35,6,F1990
outpatient.csv,Outpatient,86,PRCDR_DT8,text or coded value,False,210788,364304,63.35,359,11-May-2015
outpatient.csv,Outpatient,87,ICD_PRCDR_CD9,text or coded value,False,91674,483418,84.06,5,Z715
outpatient.csv,Outpatient,88,PRCDR_DT9,text or coded value,False,91674,483418,84.06,89,11-May-2015
outpatient.csv,Outpatient,89,ICD_PRCDR_CD10,text or coded value,False,14538,560554,97.47,3,F109
outpatient.csv,Outpatient,90,PRCDR_DT10,text or coded value,False,14538,560554,97.47,8,28-Feb-2023
outpatient.csv,Outpatient,91,ICD_PRCDR_CD11,text or coded value,False,1106,573986,99.81,1,Z741
outpatient.csv,Outpatient,92,PRCDR_DT11,text or coded value,False,1106,573986,99.81,1,29-Jul-2022
outpatient.csv,Outpatient,93,ICD_PRCDR_CD12,text or coded value,False,233,574859,99.96,1,Z5189
outpatient.csv,Outpatient,94,PRCDR_DT12,text or coded value,False,233,574859,99.96,1,29-Jul-2022
outpatient.csv,Outpatient,95,ICD_PRCDR_CD13,text or coded value,False,233,574859,99.96,1,Z5189
outpatient.csv,Outpatient,96,PRCDR_DT13,text or coded value,False,233,574859,99.96,1,29-Jul-2022
outpatient.csv,Outpatient,97,ICD_PRCDR_CD14,text or coded value,False,233,574859,99.96,1,Z5189
outpatient.csv,Outpatient,98,PRCDR_DT14,text or coded value,False,233,574859,99.96,1,29-Jul-2022
outpatient.csv,Outpatient,99,ICD_PRCDR_CD15,text or coded value,False,233,574859,99.96,1,GZ60ZZZ
outpatient.csv,Outpatient,100,PRCDR_DT15,text or coded value,False,233,574859,99.96,1,29-Jul-2022
outpatient.csv,Outpatient,101,ICD_PRCDR_CD16,text or coded value,False,233,574859,99.96,1,Z5189
outpatient.csv,Outpatient,102,PRCDR_DT16,text or coded value,False,233,574859,99.96,1,29-Jul-2022
outpatient.csv,Outpatient,103,ICD_PRCDR_CD17,text or coded value,False,233,574859,99.96,1,Z5189
outpatient.csv,Outpatient,104,PRCDR_DT17,text or coded value,False,233,574859,99.96,1,29-Jul-2022
outpatient.csv,Outpatient,105,ICD_PRCDR_CD18,text or coded value,False,214,574878,99.96,0,
outpatient.csv,Outpatient,106,PRCDR_DT18,text or coded value,False,214,574878,99.96,0,
outpatient.csv,Outpatient,107,ICD_PRCDR_CD19,text or coded value,False,214,574878,99.96,0,
outpatient.csv,Outpatient,108,PRCDR_DT19,text or coded value,False,214,574878,99.96,0,
outpatient.csv,Outpatient,109,ICD_PRCDR_CD20,text or coded value,False,214,574878,99.96,0,
outpatient.csv,Outpatient,110,PRCDR_DT20,text or coded value,False,214,574878,99.96,0,
outpatient.csv,Outpatient,111,ICD_PRCDR_CD21,text or coded value,False,214,574878,99.96,0,
outpatient.csv,Outpatient,112,PRCDR_DT21,text or coded value,False,214,574878,99.96,0,
outpatient.csv,Outpatient,113,ICD_PRCDR_CD22,text or coded value,False,214,574878,99.96,0,
outpatient.csv,Outpatient,114,PRCDR_DT22,text or coded value,False,214,574878,99.96,0,
outpatient.csv,Outpatient,115,ICD_PRCDR_CD23,text or coded value,False,214,574878,99.96,0,
outpatient.csv,Outpatient,116,PRCDR_DT23,text or coded value,False,214,574878,99.96,0,
outpatient.csv,Outpatient,117,ICD_PRCDR_CD24,text or coded value,False,49,575043,99.99,0,
outpatient.csv,Outpatient,118,PRCDR_DT24,text or coded value,False,49,575043,99.99,0,
outpatient.csv,Outpatient,119,ICD_PRCDR_CD25,text or coded value,False,0,575092,100.0,0,
outpatient.csv,Outpatient,120,PRCDR_DT25,text or coded value,False,0,575092,100.0,0,
outpatient.csv,Outpatient,121,RSN_VISIT_CD1,text or coded value,False,0,575092,100.0,0,
outpatient.csv,Outpatient,122,RSN_VISIT_CD2,text or coded value,False,0,575092,100.0,0,
outpatient.csv,Outpatient,123,RSN_VISIT_CD3,text or coded value,False,0,575092,100.0,0,
outpatient.csv,Outpatient,124,NCH_BENE_PTB_DDCTBL_AMT,numeric candidate,False,575092,0,0.0,472,0.00
outpatient.csv,Outpatient,125,NCH_BENE_PTB_COINSRNC_AMT,numeric candidate,False,575092,0,0.0,3,20
outpatient.csv,Outpatient,126,CLM_OP_PRVDR_PMT_AMT,numeric candidate,False,575092,0,0.0,22333,10224.89
outpatient.csv,Outpatient,127,CLM_OP_BENE_PMT_AMT,numeric candidate,False,575092,0,0.0,1,0
outpatient.csv,Outpatient,128,CLM_LINE_NUM,key,True,575092,0,0.0,15,1
outpatient.csv,Outpatient,129,REV_CNTR,text or coded value,False,575092,0,0.0,3,0001
outpatient.csv,Outpatient,130,REV_CNTR_DT,date,False,575092,0,0.0,2919,16-Mar-2015
outpatient.csv,Outpatient,131,REV_CNTR_1ST_ANSI_CD,coded dimension,False,0,575092,100.0,0,
outpatient.csv,Outpatient,132,REV_CNTR_2ND_ANSI_CD,coded dimension,False,0,575092,100.0,0,
outpatient.csv,Outpatient,133,REV_CNTR_3RD_ANSI_CD,coded dimension,False,0,575092,100.0,0,
outpatient.csv,Outpatient,134,REV_CNTR_4TH_ANSI_CD,coded dimension,False,0,575092,100.0,0,
outpatient.csv,Outpatient,135,REV_CNTR_APC_HIPPS_CD,coded dimension,False,0,575092,100.0,0,
outpatient.csv,Outpatient,136,HCPCS_CD,procedure,True,575092,0,0.0,99,99241
outpatient.csv,Outpatient,137,HCPCS_1ST_MDFR_CD,coded dimension,False,0,575092,100.0,0,
outpatient.csv,Outpatient,138,HCPCS_2ND_MDFR_CD,coded dimension,False,0,575092,100.0,0,
outpatient.csv,Outpatient,139,REV_CNTR_PMT_MTHD_IND_CD,coded dimension,False,575092,0,0.0,1,4
outpatient.csv,Outpatient,140,REV_CNTR_DSCNT_IND_CD,coded dimension,False,0,575092,100.0,0,
outpatient.csv,Outpatient,141,REV_CNTR_PACKG_IND_CD,coded dimension,False,0,575092,100.0,0,
outpatient.csv,Outpatient,142,REV_CNTR_OTAF_PMT_CD,coded dimension,False,0,575092,100.0,0,
outpatient.csv,Outpatient,143,REV_CNTR_IDE_NDC_UPC_NUM,numeric candidate,False,0,575092,100.0,0,
outpatient.csv,Outpatient,144,REV_CNTR_UNIT_CNT,numeric candidate,False,575092,0,0.0,1,1
outpatient.csv,Outpatient,145,REV_CNTR_RATE_AMT,numeric candidate,False,558691,16401,2.85,21427,192.67
outpatient.csv,Outpatient,146,REV_CNTR_BLOOD_DDCTBL_AMT,numeric candidate,False,575092,0,0.0,1,0
outpatient.csv,Outpatient,147,REV_CNTR_CASH_DDCTBL_AMT,numeric candidate,False,575092,0,0.0,472,0.00
outpatient.csv,Outpatient,148,REV_CNTR_COINSRNC_WGE_ADJSTD_C,text or coded value,False,575092,0,0.0,9486,2044.97
outpatient.csv,Outpatient,149,REV_CNTR_RDCD_COINSRNC_AMT,numeric candidate,False,575092,0,0.0,9486,2044.97
outpatient.csv,Outpatient,150,REV_CNTR_1ST_MSP_PD_AMT,numeric candidate,False,575092,0,0.0,1,0
outpatient.csv,Outpatient,151,REV_CNTR_2ND_MSP_PD_AMT,numeric candidate,False,575092,0,0.0,1,0
outpatient.csv,Outpatient,152,REV_CNTR_PRVDR_PMT_AMT,numeric candidate,False,575092,0,0.0,22333,10224.89
outpatient.csv,Outpatient,153,REV_CNTR_BENE_PMT_AMT,numeric candidate,False,575092,0,0.0,1,0
outpatient.csv,Outpatient,154,REV_CNTR_PTNT_RSPNSBLTY_PMT,text or coded value,False,575092,0,0.0,9725,2044.97
outpatient.csv,Outpatient,155,REV_CNTR_PMT_AMT_AMT,numeric candidate,False,575092,0,0.0,19878,10224.89
outpatient.csv,Outpatient,156,REV_CNTR_TOT_CHRG_AMT,metric,True,575092,0,0.0,22902,8179.92
outpatient.csv,Outpatient,157,REV_CNTR_NCVRD_CHRG_AMT,numeric candidate,False,575092,0,0.0,4736,0.00
outpatient.csv,Outpatient,158,REV_CNTR_STUS_IND_CD,coded dimension,False,575092,0,0.0,1,4
outpatient.csv,Outpatient,159,REV_CNTR_NDC_QTY,text or coded value,False,0,575092,100.0,0,
outpatient.csv,Outpatient,160,REV_CNTR_NDC_QTY_QLFR_CD,coded dimension,False,0,575092,100.0,0,
outpatient.csv,Outpatient,161,RNDRNG_PHYSN_UPIN,text or coded value,False,575092,0,0.0,1, 
outpatient.csv,Outpatient,162,RNDRNG_PHYSN_NPI,dimension,True,575092,0,0.0,212,9999995696
pde.csv,Part D Event,1,PDE_ID,key,True,515520,0,0.0,50000,-10602140347
pde.csv,Part D Event,2,BENE_ID,key,True,515520,0,0.0,680,-10000010254618
pde.csv,Part D Event,3,SRVC_DT,date,True,515520,0,0.0,2913,25-Mar-2015
pde.csv,Part D Event,4,PD_DT,date,False,515520,0,0.0,2913,25-Mar-2015
pde.csv,Part D Event,5,PRSCRBR_ID_QLFYR_CD,coded dimension,False,515520,0,0.0,1,01
pde.csv,Part D Event,6,PRSCRBR_ID,identifier,False,515520,0,0.0,507,9999987089
pde.csv,Part D Event,7,RX_SRVC_RFRNC_NUM,numeric candidate,False,515520,0,0.0,50000,-10602140347
pde.csv,Part D Event,8,PROD_SRVC_ID,drug,True,515520,0,0.0,6870,68115025030
pde.csv,Part D Event,9,PLAN_CNTRCT_REC_ID,identifier,False,515520,0,0.0,10,Z0009
pde.csv,Part D Event,10,PLAN_PBP_REC_NUM,numeric candidate,False,515520,0,0.0,1,999
pde.csv,Part D Event,11,CMPND_CD,coded dimension,False,515520,0,0.0,1,0
pde.csv,Part D Event,12,DAW_PROD_SLCTN_CD,coded dimension,False,515520,0,0.0,9,7
pde.csv,Part D Event,13,QTY_DSPNSD_NUM,metric,True,515520,0,0.0,82,63
pde.csv,Part D Event,14,DAYS_SUPLY_NUM,metric,True,515520,0,0.0,83,63
pde.csv,Part D Event,15,FILL_NUM,numeric candidate,False,515520,0,0.0,13,1
pde.csv,Part D Event,16,DSPNSNG_STUS_CD,coded dimension,False,515520,0,0.0,1, 
pde.csv,Part D Event,17,DRUG_CVRG_STUS_CD,coded dimension,False,515520,0,0.0,1,C
pde.csv,Part D Event,18,ADJSTMT_DLTN_CD,coded dimension,False,515520,0,0.0,1, 
pde.csv,Part D Event,19,NSTD_FRMT_CD,coded dimension,False,515520,0,0.0,1, 
pde.csv,Part D Event,20,PRCNG_EXCPTN_CD,coded dimension,False,0,515520,100.0,0,
pde.csv,Part D Event,21,CTSTRPHC_CVRG_CD,coded dimension,False,15538,499982,96.99,2,A
pde.csv,Part D Event,22,GDC_BLW_OOPT_AMT,numeric candidate,False,515520,0,0.0,9669,0.00
pde.csv,Part D Event,23,GDC_ABV_OOPT_AMT,numeric candidate,False,515520,0,0.0,2060,0
pde.csv,Part D Event,24,PTNT_PAY_AMT,metric,True,515520,0,0.0,3030,0.00
pde.csv,Part D Event,25,OTHR_TROOP_AMT,numeric candidate,False,515520,0,0.0,1,0
pde.csv,Part D Event,26,LICS_AMT,numeric candidate,False,515520,0,0.0,1,0
pde.csv,Part D Event,27,PLRO_AMT,numeric candidate,False,515520,0,0.0,6218,55.04
pde.csv,Part D Event,28,CVRD_D_PLAN_PD_AMT,metric,True,515520,0,0.0,9630,220.15
pde.csv,Part D Event,29,NCVRD_PLAN_PD_AMT,metric,True,515520,0,0.0,1,0.00
pde.csv,Part D Event,30,TOT_RX_CST_AMT,metric,True,515520,0,0.0,11167,275.19
pde.csv,Part D Event,31,RX_ORGN_CD,coded dimension,False,515520,0,0.0,3,4
pde.csv,Part D Event,32,RPTD_GAP_DSCNT_NUM,numeric candidate,False,515520,0,0.0,1,0
pde.csv,Part D Event,33,BRND_GNRC_CD,dimension,True,515520,0,0.0,2,G
pde.csv,Part D Event,34,PHRMCY_SRVC_TYPE_CD,coded dimension,False,515520,0,0.0,7,05
pde.csv,Part D Event,35,PTNT_RSDNC_CD,coded dimension,False,515520,0,0.0,1,01
pde.csv,Part D Event,36,SUBMSN_CLR_CD,coded dimension,False,0,515520,100.0,0,
snf.csv,Skilled Nursing Facility,1,BENE_ID,key,True,12548,0,0.0,1466,-10000010254618
snf.csv,Skilled Nursing Facility,2,CLM_ID,key,True,12548,0,0.0,1632,-10000930038020
snf.csv,Skilled Nursing Facility,3,NCH_NEAR_LINE_REC_IDENT_CD,coded dimension,False,12548,0,0.0,1,V
snf.csv,Skilled Nursing Facility,4,NCH_CLM_TYPE_CD,coded dimension,False,12548,0,0.0,1,20
snf.csv,Skilled Nursing Facility,5,CLM_FROM_DT,date,True,12548,0,0.0,1248,25-Mar-2015
snf.csv,Skilled Nursing Facility,6,CLM_THRU_DT,date,True,12548,0,0.0,1237,18-Apr-2015
snf.csv,Skilled Nursing Facility,7,NCH_WKLY_PROC_DT,date,False,12548,0,0.0,403,24-Apr-2015
snf.csv,Skilled Nursing Facility,8,FI_CLM_PROC_DT,date,False,0,12548,100.0,0,
snf.csv,Skilled Nursing Facility,9,CLAIM_QUERY_CODE,text or coded value,False,12548,0,0.0,1,3
snf.csv,Skilled Nursing Facility,10,PRVDR_NUM,dimension,True,12548,0,0.0,1314,015037
snf.csv,Skilled Nursing Facility,11,CLM_FAC_TYPE_CD,coded dimension,False,12548,0,0.0,1,2
snf.csv,Skilled Nursing Facility,12,CLM_SRVC_CLSFCTN_TYPE_CD,coded dimension,False,12548,0,0.0,1,1
snf.csv,Skilled Nursing Facility,13,CLM_FREQ_CD,coded dimension,False,12548,0,0.0,2,9
snf.csv,Skilled Nursing Facility,14,FI_NUM,numeric candidate,False,0,12548,100.0,0,
snf.csv,Skilled Nursing Facility,15,CLM_MDCR_NON_PMT_RSN_CD,coded dimension,False,12548,0,0.0,1, 
snf.csv,Skilled Nursing Facility,16,CLM_PMT_AMT,metric,True,12548,0,0.0,1482,15675.08
snf.csv,Skilled Nursing Facility,17,NCH_PRMRY_PYR_CLM_PD_AMT,numeric candidate,False,12548,0,0.0,285,0
snf.csv,Skilled Nursing Facility,18,NCH_PRMRY_PYR_CD,coded dimension,False,12548,0,0.0,1, 
snf.csv,Skilled Nursing Facility,19,FI_CLM_ACTN_CD,coded dimension,False,0,12548,100.0,0,
snf.csv,Skilled Nursing Facility,20,PRVDR_STATE_CD,dimension,True,12548,0,0.0,51,01
snf.csv,Skilled Nursing Facility,21,ORG_NPI_NUM,dimension,True,12548,0,0.0,1314,1336780048
snf.csv,Skilled Nursing Facility,22,AT_PHYSN_UPIN,text or coded value,False,12548,0,0.0,1, 
snf.csv,Skilled Nursing Facility,23,AT_PHYSN_NPI,identifier,False,10916,1632,13.01,1150,9999841890
snf.csv,Skilled Nursing Facility,24,OP_PHYSN_UPIN,text or coded value,False,12548,0,0.0,1, 
snf.csv,Skilled Nursing Facility,25,OP_PHYSN_NPI,identifier,False,10916,1632,13.01,1150,9999841890
snf.csv,Skilled Nursing Facility,26,OT_PHYSN_UPIN,text or coded value,False,0,12548,100.0,0,
snf.csv,Skilled Nursing Facility,27,OT_PHYSN_NPI,identifier,False,0,12548,100.0,0,
snf.csv,Skilled Nursing Facility,28,CLM_MCO_PD_SW,coded dimension,False,12548,0,0.0,1,0
snf.csv,Skilled Nursing Facility,29,PTNT_DSCHRG_STUS_CD,dimension,True,12548,0,0.0,1,1
snf.csv,Skilled Nursing Facility,30,CLM_PPS_IND_CD,coded dimension,False,12548,0,0.0,1, 
snf.csv,Skilled Nursing Facility,31,CLM_TOT_CHRG_AMT,metric,True,12548,0,0.0,1459,19593.85
snf.csv,Skilled Nursing Facility,32,CLM_ADMSN_DT,date,True,12548,0,0.0,1248,25-Mar-2015
snf.csv,Skilled Nursing Facility,33,CLM_IP_ADMSN_TYPE_CD,coded dimension,False,12548,0,0.0,1,3
snf.csv,Skilled Nursing Facility,34,CLM_SRC_IP_ADMSN_CD,coded dimension,False,12548,0,0.0,3,1
snf.csv,Skilled Nursing Facility,35,NCH_PTNT_STATUS_IND_CD,coded dimension,False,12548,0,0.0,1,A
snf.csv,Skilled Nursing Facility,36,NCH_BENE_IP_DDCTBL_AMT,numeric candidate,False,12548,0,0.0,25,0.00
snf.csv,Skilled Nursing Facility,37,NCH_BENE_PTA_COINSRNC_LBLTY_AM,text or coded value,False,12548,0,0.0,1198,3918.77
snf.csv,Skilled Nursing Facility,38,NCH_BENE_BLOOD_DDCTBL_LBLTY_AM,text or coded value,False,12548,0,0.0,1,0
snf.csv,Skilled Nursing Facility,39,NCH_IP_NCVRD_CHRG_AMT,numeric candidate,False,12548,0,0.0,232,0.00
snf.csv,Skilled Nursing Facility,40,NCH_IP_TOT_DDCTN_AMT,numeric candidate,False,12548,0,0.0,1208,3918.77
snf.csv,Skilled Nursing Facility,41,CLM_PPS_CPTL_FSP_AMT,numeric candidate,False,12548,0,0.0,1,0
snf.csv,Skilled Nursing Facility,42,CLM_PPS_CPTL_OUTLIER_AMT,numeric candidate,False,12548,0,0.0,1,0
snf.csv,Skilled Nursing Facility,43,CLM_PPS_CPTL_DSPRPRTNT_SHR_AMT,numeric candidate,False,12548,0,0.0,1,0
snf.csv,Skilled Nursing Facility,44,CLM_PPS_CPTL_IME_AMT,numeric candidate,False,12548,0,0.0,1,0
snf.csv,Skilled Nursing Facility,45,CLM_PPS_CPTL_EXCPTN_AMT,numeric candidate,False,12548,0,0.0,1,0
snf.csv,Skilled Nursing Facility,46,CLM_PPS_OLD_CPTL_HLD_HRMLS_AMT,numeric candidate,False,12548,0,0.0,1,0
snf.csv,Skilled Nursing Facility,47,CLM_UTLZTN_DAY_CNT,metric,True,12548,0,0.0,91,24
snf.csv,Skilled Nursing Facility,48,BENE_TOT_COINSRNC_DAYS_CNT,numeric candidate,False,12548,0,0.0,71,3
snf.csv,Skilled Nursing Facility,49,CLM_NON_UTLZTN_DAYS_CNT,numeric candidate,False,12548,0,0.0,1,0
snf.csv,Skilled Nursing Facility,50,NCH_BLOOD_PNTS_FRNSHD_QTY,text or coded value,False,12548,0,0.0,1,0
snf.csv,Skilled Nursing Facility,51,NCH_QLFYD_STAY_FROM_DT,date,False,0,12548,100.0,0,
snf.csv,Skilled Nursing Facility,52,NCH_QLFYD_STAY_THRU_DT,date,False,0,12548,100.0,0,
snf.csv,Skilled Nursing Facility,53,NCH_VRFD_NCVRD_STAY_FROM_DT,date,False,0,12548,100.0,0,
snf.csv,Skilled Nursing Facility,54,NCH_VRFD_NCVRD_STAY_THRU_DT,date,False,0,12548,100.0,0,
snf.csv,Skilled Nursing Facility,55,NCH_ACTV_OR_CVRD_LVL_CARE_THRU,text or coded value,False,0,12548,100.0,0,
snf.csv,Skilled Nursing Facility,56,NCH_BENE_MDCR_BNFTS_EXHTD_DT_I,text or coded value,False,0,12548,100.0,0,
snf.csv,Skilled Nursing Facility,57,NCH_BENE_DSCHRG_DT,date,True,12548,0,0.0,403,24-Apr-2015
snf.csv,Skilled Nursing Facility,58,CLM_DRG_CD,coded dimension,False,12294,254,2.02,73,551
snf.csv,Skilled Nursing Facility,59,ADMTG_DGNS_CD,diagnosis,True,12548,0,0.0,77,S134XX
snf.csv,Skilled Nursing Facility,60,PRNCPAL_DGNS_CD,diagnosis,True,12548,0,0.0,77,S134XX
snf.csv,Skilled Nursing Facility,61,ICD_DGNS_CD1,diagnosis,True,12548,0,0.0,77,S134XX
snf.csv,Skilled Nursing Facility,62,ICD_DGNS_CD2,text or coded value,False,12548,0,0.0,127,R4689
snf.csv,Skilled Nursing Facility,63,ICD_DGNS_CD3,text or coded value,False,12444,104,0.83,132,E781
snf.csv,Skilled Nursing Facility,64,ICD_DGNS_CD4,text or coded value,False,12336,212,1.69,139,J329
snf.csv,Skilled Nursing Facility,65,ICD_DGNS_CD5,text or coded value,False,12158,390,3.11,137,E119
snf.csv,Skilled Nursing Facility,66,ICD_DGNS_CD6,text or coded value,False,11953,595,4.74,137,D649
snf.csv,Skilled Nursing Facility,67,ICD_DGNS_CD7,text or coded value,False,11635,913,7.28,136,E849
snf.csv,Skilled Nursing Facility,68,ICD_DGNS_CD8,text or coded value,False,11018,1530,12.19,130,B965
snf.csv,Skilled Nursing Facility,69,ICD_DGNS_CD9,text or coded value,False,10095,2453,19.55,127,N469
snf.csv,Skilled Nursing Facility,70,ICD_DGNS_CD10,text or coded value,False,9248,3300,26.3,124,E849
snf.csv,Skilled Nursing Facility,71,ICD_DGNS_CD11,text or coded value,False,8418,4130,32.91,115,P292
snf.csv,Skilled Nursing Facility,72,ICD_DGNS_CD12,text or coded value,False,7456,5092,40.58,102,E781
snf.csv,Skilled Nursing Facility,73,ICD_DGNS_CD13,text or coded value,False,6410,6138,48.92,102,E8881
snf.csv,Skilled Nursing Facility,74,ICD_DGNS_CD14,text or coded value,False,5486,7062,56.28,101,E119
snf.csv,Skilled Nursing Facility,75,ICD_DGNS_CD15,text or coded value,False,4689,7859,62.63,91,J329
snf.csv,Skilled Nursing Facility,76,ICD_DGNS_CD16,text or coded value,False,3922,8626,68.74,74,E669
snf.csv,Skilled Nursing Facility,77,ICD_DGNS_CD17,text or coded value,False,3313,9235,73.6,72,R7303
snf.csv,Skilled Nursing Facility,78,ICD_DGNS_CD18,text or coded value,False,2705,9843,78.44,70,D649
snf.csv,Skilled Nursing Facility,79,ICD_DGNS_CD19,text or coded value,False,2211,10337,82.38,54,O039
snf.csv,Skilled Nursing Facility,80,ICD_DGNS_CD20,text or coded value,False,1836,10712,85.37,51,R4689
snf.csv,Skilled Nursing Facility,81,ICD_DGNS_CD21,text or coded value,False,1387,11161,88.95,49,P90
snf.csv,Skilled Nursing Facility,82,ICD_DGNS_CD22,text or coded value,False,1062,11486,91.54,51,Z8669
snf.csv,Skilled Nursing Facility,83,ICD_DGNS_CD23,text or coded value,False,874,11674,93.03,41,Z6841
snf.csv,Skilled Nursing Facility,84,ICD_DGNS_CD24,text or coded value,False,682,11866,94.56,32,R4689
snf.csv,Skilled Nursing Facility,85,ICD_DGNS_CD25,text or coded value,False,450,12098,96.41,30,R569
snf.csv,Skilled Nursing Facility,86,FST_DGNS_E_CD,coded dimension,False,10426,2122,16.91,65,X58
snf.csv,Skilled Nursing Facility,87,ICD_DGNS_E_CD1,text or coded value,False,10426,2122,16.91,70,V49
snf.csv,Skilled Nursing Facility,88,ICD_DGNS_E_CD2,text or coded value,False,12548,0,0.0,1, 
snf.csv,Skilled Nursing Facility,89,ICD_DGNS_E_CD3,text or coded value,False,12548,0,0.0,1, 
snf.csv,Skilled Nursing Facility,90,ICD_DGNS_E_CD4,text or coded value,False,12548,0,0.0,1, 
snf.csv,Skilled Nursing Facility,91,ICD_DGNS_E_CD5,text or coded value,False,12548,0,0.0,1, 
snf.csv,Skilled Nursing Facility,92,ICD_DGNS_E_CD6,text or coded value,False,12548,0,0.0,1, 
snf.csv,Skilled Nursing Facility,93,ICD_DGNS_E_CD7,text or coded value,False,12548,0,0.0,1, 
snf.csv,Skilled Nursing Facility,94,ICD_DGNS_E_CD8,text or coded value,False,12548,0,0.0,1, 
snf.csv,Skilled Nursing Facility,95,ICD_DGNS_E_CD9,text or coded value,False,12548,0,0.0,1, 
snf.csv,Skilled Nursing Facility,96,ICD_DGNS_E_CD10,text or coded value,False,12548,0,0.0,1, 
snf.csv,Skilled Nursing Facility,97,ICD_DGNS_E_CD11,text or coded value,False,12548,0,0.0,1, 
snf.csv,Skilled Nursing Facility,98,ICD_DGNS_E_CD12,text or coded value,False,12548,0,0.0,1, 
snf.csv,Skilled Nursing Facility,99,ICD_PRCDR_CD1,text or coded value,False,12548,0,0.0,2,Z000
snf.csv,Skilled Nursing Facility,100,PRCDR_DT1,text or coded value,False,12548,0,0.0,1245,25-Mar-2015
snf.csv,Skilled Nursing Facility,101,ICD_PRCDR_CD2,text or coded value,False,12548,0,0.0,4,Z048
snf.csv,Skilled Nursing Facility,102,PRCDR_DT2,text or coded value,False,12548,0,0.0,1244,25-Mar-2015
snf.csv,Skilled Nursing Facility,103,ICD_PRCDR_CD3,text or coded value,False,12548,0,0.0,3,Z5189
snf.csv,Skilled Nursing Facility,104,PRCDR_DT3,text or coded value,False,12548,0,0.0,1246,25-Mar-2015
snf.csv,Skilled Nursing Facility,105,ICD_PRCDR_CD4,text or coded value,False,12548,0,0.0,2,Z008
snf.csv,Skilled Nursing Facility,106,PRCDR_DT4,text or coded value,False,12548,0,0.0,1245,25-Mar-2015
snf.csv,Skilled Nursing Facility,107,ICD_PRCDR_CD5,text or coded value,False,12548,0,0.0,35,Z008
snf.csv,Skilled Nursing Facility,108,PRCDR_DT5,text or coded value,False,12548,0,0.0,1250,26-Mar-2015
snf.csv,Skilled Nursing Facility,109,ICD_PRCDR_CD6,text or coded value,False,12422,126,1.0,33,Z008
snf.csv,Skilled Nursing Facility,110,PRCDR_DT6,text or coded value,False,12422,126,1.0,1215,27-Mar-2015
snf.csv,Skilled Nursing Facility,111,ICD_PRCDR_CD7,text or coded value,False,12268,280,2.23,34,Z5189
snf.csv,Skilled Nursing Facility,112,PRCDR_DT7,text or coded value,False,12268,280,2.23,1197,27-Mar-2015
snf.csv,Skilled Nursing Facility,113,ICD_PRCDR_CD8,text or coded value,False,11969,579,4.61,33,Z008
snf.csv,Skilled Nursing Facility,114,PRCDR_DT8,text or coded value,False,11969,579,4.61,1185,28-Mar-2015
snf.csv,Skilled Nursing Facility,115,ICD_PRCDR_CD9,text or coded value,False,11735,813,6.48,36,Z008
snf.csv,Skilled Nursing Facility,116,PRCDR_DT9,text or coded value,False,11735,813,6.48,1136,29-Mar-2015
snf.csv,Skilled Nursing Facility,117,ICD_PRCDR_CD10,text or coded value,False,11406,1142,9.1,34,5A0211D
snf.csv,Skilled Nursing Facility,118,PRCDR_DT10,text or coded value,False,11406,1142,9.1,1104,29-Mar-2015
snf.csv,Skilled Nursing Facility,119,ICD_PRCDR_CD11,text or coded value,False,11108,1440,11.48,33,Z008
snf.csv,Skilled Nursing Facility,120,PRCDR_DT11,text or coded value,False,11108,1440,11.48,1071,30-Mar-2015
snf.csv,Skilled Nursing Facility,121,ICD_PRCDR_CD12,text or coded value,False,10817,1731,13.8,33,Z008
snf.csv,Skilled Nursing Facility,122,PRCDR_DT12,text or coded value,False,10817,1731,13.8,1020,31-Mar-2015
snf.csv,Skilled Nursing Facility,123,ICD_PRCDR_CD13,text or coded value,False,10515,2033,16.2,31,Z008
snf.csv,Skilled Nursing Facility,124,PRCDR_DT13,text or coded value,False,10515,2033,16.2,1008,01-Apr-2015
snf.csv,Skilled Nursing Facility,125,ICD_PRCDR_CD14,text or coded value,False,10251,2297,18.31,32,Z008
snf.csv,Skilled Nursing Facility,126,PRCDR_DT14,text or coded value,False,10251,2297,18.31,969,02-Apr-2015
snf.csv,Skilled Nursing Facility,127,ICD_PRCDR_CD15,text or coded value,False,10026,2522,20.1,36,Z5189
snf.csv,Skilled Nursing Facility,128,PRCDR_DT15,text or coded value,False,10026,2522,20.1,943,02-Apr-2015
snf.csv,Skilled Nursing Facility,129,ICD_PRCDR_CD16,text or coded value,False,9729,2819,22.47,32,Z008
snf.csv,Skilled Nursing Facility,130,PRCDR_DT16,text or coded value,False,9729,2819,22.47,921,03-Apr-2015
snf.csv,Skilled Nursing Facility,131,ICD_PRCDR_CD17,text or coded value,False,9446,3102,24.72,32,Z5189
snf.csv,Skilled Nursing Facility,132,PRCDR_DT17,text or coded value,False,9446,3102,24.72,888,03-Apr-2015
snf.csv,Skilled Nursing Facility,133,ICD_PRCDR_CD18,text or coded value,False,9212,3336,26.59,32,Z008
snf.csv,Skilled Nursing Facility,134,PRCDR_DT18,text or coded value,False,9212,3336,26.59,881,04-Apr-2015
snf.csv,Skilled Nursing Facility,135,ICD_PRCDR_CD19,text or coded value,False,8925,3623,28.87,33,Z5189
snf.csv,Skilled Nursing Facility,136,PRCDR_DT19,text or coded value,False,8925,3623,28.87,845,04-Apr-2015
snf.csv,Skilled Nursing Facility,137,ICD_PRCDR_CD20,text or coded value,False,8718,3830,30.52,29,Z008
snf.csv,Skilled Nursing Facility,138,PRCDR_DT20,text or coded value,False,8718,3830,30.52,818,05-Apr-2015
snf.csv,Skilled Nursing Facility,139,ICD_PRCDR_CD21,text or coded value,False,8451,4097,32.65,33,Z008
snf.csv,Skilled Nursing Facility,140,PRCDR_DT21,text or coded value,False,8451,4097,32.65,804,06-Apr-2015
snf.csv,Skilled Nursing Facility,141,ICD_PRCDR_CD22,text or coded value,False,8259,4289,34.18,31,Z008
snf.csv,Skilled Nursing Facility,142,PRCDR_DT22,text or coded value,False,8259,4289,34.18,785,07-Apr-2015
snf.csv,Skilled Nursing Facility,143,ICD_PRCDR_CD23,text or coded value,False,7911,4637,36.95,33,Z5189
snf.csv,Skilled Nursing Facility,144,PRCDR_DT23,text or coded value,False,7911,4637,36.95,743,07-Apr-2015
snf.csv,Skilled Nursing Facility,145,ICD_PRCDR_CD24,text or coded value,False,7661,4887,38.95,27,Z008
snf.csv,Skilled Nursing Facility,146,PRCDR_DT24,text or coded value,False,7661,4887,38.95,720,08-Apr-2015
snf.csv,Skilled Nursing Facility,147,ICD_PRCDR_CD25,text or coded value,False,7504,5044,40.2,24,Z008
snf.csv,Skilled Nursing Facility,148,PRCDR_DT25,text or coded value,False,7504,5044,40.2,697,09-Apr-2015
snf.csv,Skilled Nursing Facility,149,CLM_LINE_NUM,key,True,12548,0,0.0,17,1
snf.csv,Skilled Nursing Facility,150,REV_CNTR,text or coded value,False,12540,8,0.06,8,0110
snf.csv,Skilled Nursing Facility,151,HCPCS_CD,procedure,True,2995,9553,76.13,26,RUB10
snf.csv,Skilled Nursing Facility,152,REV_CNTR_UNIT_CNT,numeric candidate,False,10685,1863,14.85,102,5
snf.csv,Skilled Nursing Facility,153,REV_CNTR_RATE_AMT,numeric candidate,False,10916,1632,13.01,1517,459.10
snf.csv,Skilled Nursing Facility,154,REV_CNTR_TOT_CHRG_AMT,metric,True,12548,0,0.0,3394,2295.50
snf.csv,Skilled Nursing Facility,155,REV_CNTR_NCVRD_CHRG_AMT,numeric candidate,False,12548,0,0.0,848,0.00
snf.csv,Skilled Nursing Facility,156,REV_CNTR_DDCTBL_COINSRNC_CD,coded dimension,False,10916,1632,13.01,4,3
snf.csv,Skilled Nursing Facility,157,REV_CNTR_NDC_QTY,text or coded value,False,231,12317,98.16,2,1
snf.csv,Skilled Nursing Facility,158,REV_CNTR_NDC_QTY_QLFR_CD,coded dimension,False,231,12317,98.16,1,UN
snf.csv,Skilled Nursing Facility,159,RNDRNG_PHYSN_UPIN,text or coded value,False,12548,0,0.0,1, 
snf.csv,Skilled Nursing Facility,160,RNDRNG_PHYSN_NPI,dimension,True,10916,1632,13.01,1150,9999841890
